[2026-01-26 17:20:03] local.ERROR: Call to a member function reviews() on null {"userId":613,"exception":"[object] (Error(code: 0): Call to a member function reviews() on null at C:\\Works\\irhebo\\irhebo-backend\\app\\Http\\Resources\\RequestDetailsResource.php:33)
[stacktrace]
#0 C:\\Works\\irhebo\\irhebo-backend\\vendor\\laravel\\framework\\src\\Illuminate\\Http\\Resources\\Json\\JsonResource.php(108): App\\Http\\Resources\\RequestDetailsResource->toArray(Object(Illuminate\\Http\\Request))
#1 C:\\Works\\irhebo\\irhebo-backend\\vendor\\laravel\\framework\\src\\Illuminate\\Http\\Resources\\Json\\JsonResource.php(255): Illuminate\\Http\\Resources\\Json\\JsonResource->resolve(Object(Illuminate\\Http\\Request))
#2 [internal function]: Illuminate\\Http\\Resources\\Json\\JsonResource->jsonSerialize()
#3 C:\\Works\\irhebo\\irhebo-backend\\vendor\\laravel\\framework\\src\\Illuminate\\Http\\JsonResponse.php(86): json_encode(Array, 0)
#4 C:\\Works\\irhebo\\irhebo-backend\\vendor\\symfony\\http-foundation\\JsonResponse.php(49): Illuminate\\Http\\JsonResponse->setData(Array)
#5 C:\\Works\\irhebo\\irhebo-backend\\vendor\\laravel\\framework\\src\\Illuminate\\Http\\JsonResponse.php(32): Symfony\\Component\\HttpFoundation\\JsonResponse->__construct(Array, 200, Array, false)
#6 C:\\Works\\irhebo\\irhebo-backend\\vendor\\laravel\\framework\\src\\Illuminate\\Routing\\ResponseFactory.php(102): Illuminate\\Http\\JsonResponse->__construct(Array, 200, Array, 0)
#7 C:\\Works\\irhebo\\irhebo-backend\\app\\Traits\\BaseResponse.php(21): Illuminate\\Routing\\ResponseFactory->json(Array, 200)
#8 C:\\Works\\irhebo\\irhebo-backend\\app\\Http\\Controllers\\Api\\RequestController.php(150): App\\Http\\Controllers\\Controller->successResponse('\\xD8\\xAA\\xD9\\x85 \\xD8\\xA7\\xD9\\x84\\xD8\\xAA\\xD9\\x86\\xD9\\x81...', Object(App\\Http\\Resources\\RequestDetailsResource))
#9 C:\\Works\\irhebo\\irhebo-backend\\vendor\\laravel\\framework\\src\\Illuminate\\Routing\\ControllerDispatcher.php(47): App\\Http\\Controllers\\Api\\RequestController->requestDetails('433')
#10 C:\\Works\\irhebo\\irhebo-backend\\vendor\\laravel\\framework\\src\\Illuminate\\Routing\\Route.php(266): Illuminate\\Routing\\ControllerDispatcher->dispatch(Object(Illuminate\\Routing\\Route), Object(App\\Http\\Controllers\\Api\\RequestController), 'requestDetails')
#11 C:\\Works\\irhebo\\irhebo-backend\\vendor\\laravel\\framework\\src\\Illuminate\\Routing\\Route.php(212): Illuminate\\Routing\\Route->runController()
#12 C:\\Works\\irhebo\\irhebo-backend\\vendor\\laravel\\framework\\src\\Illuminate\\Routing\\Router.php(808): Illuminate\\Routing\\Route->run()
#13 C:\\Works\\irhebo\\irhebo-backend\\vendor\\laravel\\framework\\src\\Illuminate\\Pipeline\\Pipeline.php(144): Illuminate\\Routing\\Router->Illuminate\\Routing\\{closure}(Object(Illuminate\\Http\\Request))
#14 C:\\Works\\irhebo\\irhebo-backend\\app\\Http\\Middleware\\SetLocaleFromHeader.php(25): Illuminate\\Pipeline\\Pipeline->Illuminate\\Pipeline\\{closure}(Object(Illuminate\\Http\\Request))
#15 C:\\Works\\irhebo\\irhebo-backend\\vendor\\laravel\\framework\\src\\Illuminate\\Pipeline\\Pipeline.php(183): App\\Http\\Middleware\\SetLocaleFromHeader->handle(Object(Illuminate\\Http\\Request), Object(Closure))
#16 C:\\Works\\irhebo\\irhebo-backend\\vendor\\laravel\\framework\\src\\Illuminate\\Routing\\Middleware\\SubstituteBindings.php(51): Illuminate\\Pipeline\\Pipeline->Illuminate\\Pipeline\\{closure}(Object(Illuminate\\Http\\Request))
#17 C:\\Works\\irhebo\\irhebo-backend\\vendor\\laravel\\framework\\src\\Illuminate\\Pipeline\\Pipeline.php(183): Illuminate\\Routing\\Middleware\\SubstituteBindings->handle(Object(Illuminate\\Http\\Request), Object(Closure))
#18 C:\\Works\\irhebo\\irhebo-backend\\vendor\\laravel\\framework\\src\\Illuminate\\Auth\\Middleware\\Authenticate.php(64): Illuminate\\Pipeline\\Pipeline->Illuminate\\Pipeline\\{closure}(Object(Illuminate\\Http\\Request))
#19 C:\\Works\\irhebo\\irhebo-backend\\vendor\\laravel\\framework\\src\\Illuminate\\Pipeline\\Pipeline.php(183): Illuminate\\Auth\\Middleware\\Authenticate->handle(Object(Illuminate\\Http\\Request), Object(Closure), 'api')
#20 C:\\Works\\irhebo\\irhebo-backend\\vendor\\laravel\\framework\\src\\Illuminate\\Pipeline\\Pipeline.php(119): Illuminate\\Pipeline\\Pipeline->Illuminate\\Pipeline\\{closure}(Object(Illuminate\\Http\\Request))
#21 C:\\Works\\irhebo\\irhebo-backend\\vendor\\laravel\\framework\\src\\Illuminate\\Routing\\Router.php(807): Illuminate\\Pipeline\\Pipeline->then(Object(Closure))
#22 C:\\Works\\irhebo\\irhebo-backend\\vendor\\laravel\\framework\\src\\Illuminate\\Routing\\Router.php(786): Illuminate\\Routing\\Router->runRouteWithinStack(Object(Illuminate\\Routing\\Route), Object(Illuminate\\Http\\Request))
#23 C:\\Works\\irhebo\\irhebo-backend\\vendor\\laravel\\framework\\src\\Illuminate\\Routing\\Router.php(750): Illuminate\\Routing\\Router->runRoute(Object(Illuminate\\Http\\Request), Object(Illuminate\\Routing\\Route))
#24 C:\\Works\\irhebo\\irhebo-backend\\vendor\\laravel\\framework\\src\\Illuminate\\Routing\\Router.php(739): Illuminate\\Routing\\Router->dispatchToRoute(Object(Illuminate\\Http\\Request))
#25 C:\\Works\\irhebo\\irhebo-backend\\vendor\\laravel\\framework\\src\\Illuminate\\Foundation\\Http\\Kernel.php(201): Illuminate\\Routing\\Router->dispatch(Object(Illuminate\\Http\\Request))
#26 C:\\Works\\irhebo\\irhebo-backend\\vendor\\laravel\\framework\\src\\Illuminate\\Pipeline\\Pipeline.php(144): Illuminate\\Foundation\\Http\\Kernel->Illuminate\\Foundation\\Http\\{closure}(Object(Illuminate\\Http\\Request))
#27 C:\\Works\\irhebo\\irhebo-backend\\vendor\\proengsoft\\laravel-jsvalidation\\src\\RemoteValidationMiddleware.php(61): Illuminate\\Pipeline\\Pipeline->Illuminate\\Pipeline\\{closure}(Object(Illuminate\\Http\\Request))
#28 C:\\Works\\irhebo\\irhebo-backend\\vendor\\laravel\\framework\\src\\Illuminate\\Pipeline\\Pipeline.php(183): Proengsoft\\JsValidation\\RemoteValidationMiddleware->handle(Object(Illuminate\\Http\\Request), Object(Closure))
#29 C:\\Works\\irhebo\\irhebo-backend\\vendor\\laravel\\framework\\src\\Illuminate\\Foundation\\Http\\Middleware\\TransformsRequest.php(21): Illuminate\\Pipeline\\Pipeline->Illuminate\\Pipeline\\{closure}(Object(Illuminate\\Http\\Request))
#30 C:\\Works\\irhebo\\irhebo-backend\\vendor\\laravel\\framework\\src\\Illuminate\\Foundation\\Http\\Middleware\\ConvertEmptyStringsToNull.php(31): Illuminate\\Foundation\\Http\\Middleware\\TransformsRequest->handle(Object(Illuminate\\Http\\Request), Object(Closure))
#31 C:\\Works\\irhebo\\irhebo-backend\\vendor\\laravel\\framework\\src\\Illuminate\\Pipeline\\Pipeline.php(183): Illuminate\\Foundation\\Http\\Middleware\\ConvertEmptyStringsToNull->handle(Object(Illuminate\\Http\\Request), Object(Closure))
#32 C:\\Works\\irhebo\\irhebo-backend\\vendor\\laravel\\framework\\src\\Illuminate\\Foundation\\Http\\Middleware\\TransformsRequest.php(21): Illuminate\\Pipeline\\Pipeline->Illuminate\\Pipeline\\{closure}(Object(Illuminate\\Http\\Request))
#33 C:\\Works\\irhebo\\irhebo-backend\\vendor\\laravel\\framework\\src\\Illuminate\\Foundation\\Http\\Middleware\\TrimStrings.php(51): Illuminate\\Foundation\\Http\\Middleware\\TransformsRequest->handle(Object(Illuminate\\Http\\Request), Object(Closure))
#34 C:\\Works\\irhebo\\irhebo-backend\\vendor\\laravel\\framework\\src\\Illuminate\\Pipeline\\Pipeline.php(183): Illuminate\\Foundation\\Http\\Middleware\\TrimStrings->handle(Object(Illuminate\\Http\\Request), Object(Closure))
#35 C:\\Works\\irhebo\\irhebo-backend\\vendor\\laravel\\framework\\src\\Illuminate\\Http\\Middleware\\ValidatePostSize.php(27): Illuminate\\Pipeline\\Pipeline->Illuminate\\Pipeline\\{closure}(Object(Illuminate\\Http\\Request))
#36 C:\\Works\\irhebo\\irhebo-backend\\vendor\\laravel\\framework\\src\\Illuminate\\Pipeline\\Pipeline.php(183): Illuminate\\Http\\Middleware\\ValidatePostSize->handle(Object(Illuminate\\Http\\Request), Object(Closure))
#37 C:\\Works\\irhebo\\irhebo-backend\\vendor\\laravel\\framework\\src\\Illuminate\\Foundation\\Http\\Middleware\\PreventRequestsDuringMaintenance.php(110): Illuminate\\Pipeline\\Pipeline->Illuminate\\Pipeline\\{closure}(Object(Illuminate\\Http\\Request))
#38 C:\\Works\\irhebo\\irhebo-backend\\vendor\\laravel\\framework\\src\\Illuminate\\Pipeline\\Pipeline.php(183): Illuminate\\Foundation\\Http\\Middleware\\PreventRequestsDuringMaintenance->handle(Object(Illuminate\\Http\\Request), Object(Closure))
#39 C:\\Works\\irhebo\\irhebo-backend\\vendor\\laravel\\framework\\src\\Illuminate\\Http\\Middleware\\HandleCors.php(62): Illuminate\\Pipeline\\Pipeline->Illuminate\\Pipeline\\{closure}(Object(Illuminate\\Http\\Request))
#40 C:\\Works\\irhebo\\irhebo-backend\\vendor\\laravel\\framework\\src\\Illuminate\\Pipeline\\Pipeline.php(183): Illuminate\\Http\\Middleware\\HandleCors->handle(Object(Illuminate\\Http\\Request), Object(Closure))
#41 C:\\Works\\irhebo\\irhebo-backend\\vendor\\laravel\\framework\\src\\Illuminate\\Http\\Middleware\\TrustProxies.php(58): Illuminate\\Pipeline\\Pipeline->Illuminate\\Pipeline\\{closure}(Object(Illuminate\\Http\\Request))
#42 C:\\Works\\irhebo\\irhebo-backend\\vendor\\laravel\\framework\\src\\Illuminate\\Pipeline\\Pipeline.php(183): Illuminate\\Http\\Middleware\\TrustProxies->handle(Object(Illuminate\\Http\\Request), Object(Closure))
#43 C:\\Works\\irhebo\\irhebo-backend\\vendor\\laravel\\framework\\src\\Illuminate\\Foundation\\Http\\Middleware\\InvokeDeferredCallbacks.php(22): Illuminate\\Pipeline\\Pipeline->Illuminate\\Pipeline\\{closure}(Object(Illuminate\\Http\\Request))
#44 C:\\Works\\irhebo\\irhebo-backend\\vendor\\laravel\\framework\\src\\Illuminate\\Pipeline\\Pipeline.php(183): Illuminate\\Foundation\\Http\\Middleware\\InvokeDeferredCallbacks->handle(Object(Illuminate\\Http\\Request), Object(Closure))
#45 C:\\Works\\irhebo\\irhebo-backend\\vendor\\laravel\\framework\\src\\Illuminate\\Pipeline\\Pipeline.php(119): Illuminate\\Pipeline\\Pipeline->Illuminate\\Pipeline\\{closure}(Object(Illuminate\\Http\\Request))
#46 C:\\Works\\irhebo\\irhebo-backend\\vendor\\laravel\\framework\\src\\Illuminate\\Foundation\\Http\\Kernel.php(176): Illuminate\\Pipeline\\Pipeline->then(Object(Closure))
#47 C:\\Works\\irhebo\\irhebo-backend\\vendor\\laravel\\framework\\src\\Illuminate\\Foundation\\Http\\Kernel.php(145): Illuminate\\Foundation\\Http\\Kernel->sendRequestThroughRouter(Object(Illuminate\\Http\\Request))
#48 C:\\Works\\irhebo\\irhebo-backend\\vendor\\laravel\\framework\\src\\Illuminate\\Foundation\\Application.php(1190): Illuminate\\Foundation\\Http\\Kernel->handle(Object(Illuminate\\Http\\Request))
#49 C:\\Works\\irhebo\\irhebo-backend\\public\\index.php(17): Illuminate\\Foundation\\Application->handleRequest(Object(Illuminate\\Http\\Request))
#50 C:\\Works\\irhebo\\irhebo-backend\\vendor\\laravel\\framework\\src\\Illuminate\\Foundation\\resources\\server.php(23): require_once('C:\\\\Works\\\\irhebo...')
#51 {main}
"} 
[2026-01-26 17:20:09] local.ERROR: Exception occurred {"message":"No query results for model [App\\Models\\Request] 483","file":"C:\\Works\\irhebo\\irhebo-backend\\vendor\\laravel\\framework\\src\\Illuminate\\Database\\Eloquent\\Builder.php","line":508,"trace":"#0 C:\\Works\\irhebo\\irhebo-backend\\app\\Repositories\\Eloquents\\RequestRepository.php(78): Illuminate\\Database\\Eloquent\\Builder->findOrFail('483')
#1 C:\\Works\\irhebo\\irhebo-backend\\app\\Services\\RequestService.php(123): App\\Repositories\\Eloquents\\RequestRepository->getRequestDetails('483')
#2 C:\\Works\\irhebo\\irhebo-backend\\app\\Http\\Controllers\\Api\\RequestController.php(148): App\\Services\\RequestService->getRequestDetails('483')
#3 C:\\Works\\irhebo\\irhebo-backend\\vendor\\laravel\\framework\\src\\Illuminate\\Routing\\ControllerDispatcher.php(47): App\\Http\\Controllers\\Api\\RequestController->requestDetails('483')
#4 C:\\Works\\irhebo\\irhebo-backend\\vendor\\laravel\\framework\\src\\Illuminate\\Routing\\Route.php(266): Illuminate\\Routing\\ControllerDispatcher->dispatch(Object(Illuminate\\Routing\\Route), Object(App\\Http\\Controllers\\Api\\RequestController), 'requestDetails')
#5 C:\\Works\\irhebo\\irhebo-backend\\vendor\\laravel\\framework\\src\\Illuminate\\Routing\\Route.php(212): Illuminate\\Routing\\Route->runController()
#6 C:\\Works\\irhebo\\irhebo-backend\\vendor\\laravel\\framework\\src\\Illuminate\\Routing\\Router.php(808): Illuminate\\Routing\\Route->run()
#7 C:\\Works\\irhebo\\irhebo-backend\\vendor\\laravel\\framework\\src\\Illuminate\\Pipeline\\Pipeline.php(144): Illuminate\\Routing\\Router->Illuminate\\Routing\\{closure}(Object(Illuminate\\Http\\Request))
#8 C:\\Works\\irhebo\\irhebo-backend\\app\\Http\\Middleware\\SetLocaleFromHeader.php(25): Illuminate\\Pipeline\\Pipeline->Illuminate\\Pipeline\\{closure}(Object(Illuminate\\Http\\Request))
#9 C:\\Works\\irhebo\\irhebo-backend\\vendor\\laravel\\framework\\src\\Illuminate\\Pipeline\\Pipeline.php(183): App\\Http\\Middleware\\SetLocaleFromHeader->handle(Object(Illuminate\\Http\\Request), Object(Closure))
#10 C:\\Works\\irhebo\\irhebo-backend\\vendor\\laravel\\framework\\src\\Illuminate\\Routing\\Middleware\\SubstituteBindings.php(51): Illuminate\\Pipeline\\Pipeline->Illuminate\\Pipeline\\{closure}(Object(Illuminate\\Http\\Request))
#11 C:\\Works\\irhebo\\irhebo-backend\\vendor\\laravel\\framework\\src\\Illuminate\\Pipeline\\Pipeline.php(183): Illuminate\\Routing\\Middleware\\SubstituteBindings->handle(Object(Illuminate\\Http\\Request), Object(Closure))
#12 C:\\Works\\irhebo\\irhebo-backend\\vendor\\laravel\\framework\\src\\Illuminate\\Auth\\Middleware\\Authenticate.php(64): Illuminate\\Pipeline\\Pipeline->Illuminate\\Pipeline\\{closure}(Object(Illuminate\\Http\\Request))
#13 C:\\Works\\irhebo\\irhebo-backend\\vendor\\laravel\\framework\\src\\Illuminate\\Pipeline\\Pipeline.php(183): Illuminate\\Auth\\Middleware\\Authenticate->handle(Object(Illuminate\\Http\\Request), Object(Closure), 'api')
#14 C:\\Works\\irhebo\\irhebo-backend\\vendor\\laravel\\framework\\src\\Illuminate\\Pipeline\\Pipeline.php(119): Illuminate\\Pipeline\\Pipeline->Illuminate\\Pipeline\\{closure}(Object(Illuminate\\Http\\Request))
#15 C:\\Works\\irhebo\\irhebo-backend\\vendor\\laravel\\framework\\src\\Illuminate\\Routing\\Router.php(807): Illuminate\\Pipeline\\Pipeline->then(Object(Closure))
#16 C:\\Works\\irhebo\\irhebo-backend\\vendor\\laravel\\framework\\src\\Illuminate\\Routing\\Router.php(786): Illuminate\\Routing\\Router->runRouteWithinStack(Object(Illuminate\\Routing\\Route), Object(Illuminate\\Http\\Request))
#17 C:\\Works\\irhebo\\irhebo-backend\\vendor\\laravel\\framework\\src\\Illuminate\\Routing\\Router.php(750): Illuminate\\Routing\\Router->runRoute(Object(Illuminate\\Http\\Request), Object(Illuminate\\Routing\\Route))
#18 C:\\Works\\irhebo\\irhebo-backend\\vendor\\laravel\\framework\\src\\Illuminate\\Routing\\Router.php(739): Illuminate\\Routing\\Router->dispatchToRoute(Object(Illuminate\\Http\\Request))
#19 C:\\Works\\irhebo\\irhebo-backend\\vendor\\laravel\\framework\\src\\Illuminate\\Foundation\\Http\\Kernel.php(201): Illuminate\\Routing\\Router->dispatch(Object(Illuminate\\Http\\Request))
#20 C:\\Works\\irhebo\\irhebo-backend\\vendor\\laravel\\framework\\src\\Illuminate\\Pipeline\\Pipeline.php(144): Illuminate\\Foundation\\Http\\Kernel->Illuminate\\Foundation\\Http\\{closure}(Object(Illuminate\\Http\\Request))
#21 C:\\Works\\irhebo\\irhebo-backend\\vendor\\proengsoft\\laravel-jsvalidation\\src\\RemoteValidationMiddleware.php(61): Illuminate\\Pipeline\\Pipeline->Illuminate\\Pipeline\\{closure}(Object(Illuminate\\Http\\Request))
#22 C:\\Works\\irhebo\\irhebo-backend\\vendor\\laravel\\framework\\src\\Illuminate\\Pipeline\\Pipeline.php(183): Proengsoft\\JsValidation\\RemoteValidationMiddleware->handle(Object(Illuminate\\Http\\Request), Object(Closure))
#23 C:\\Works\\irhebo\\irhebo-backend\\vendor\\laravel\\framework\\src\\Illuminate\\Foundation\\Http\\Middleware\\TransformsRequest.php(21): Illuminate\\Pipeline\\Pipeline->Illuminate\\Pipeline\\{closure}(Object(Illuminate\\Http\\Request))
#24 C:\\Works\\irhebo\\irhebo-backend\\vendor\\laravel\\framework\\src\\Illuminate\\Foundation\\Http\\Middleware\\ConvertEmptyStringsToNull.php(31): Illuminate\\Foundation\\Http\\Middleware\\TransformsRequest->handle(Object(Illuminate\\Http\\Request), Object(Closure))
#25 C:\\Works\\irhebo\\irhebo-backend\\vendor\\laravel\\framework\\src\\Illuminate\\Pipeline\\Pipeline.php(183): Illuminate\\Foundation\\Http\\Middleware\\ConvertEmptyStringsToNull->handle(Object(Illuminate\\Http\\Request), Object(Closure))
#26 C:\\Works\\irhebo\\irhebo-backend\\vendor\\laravel\\framework\\src\\Illuminate\\Foundation\\Http\\Middleware\\TransformsRequest.php(21): Illuminate\\Pipeline\\Pipeline->Illuminate\\Pipeline\\{closure}(Object(Illuminate\\Http\\Request))
#27 C:\\Works\\irhebo\\irhebo-backend\\vendor\\laravel\\framework\\src\\Illuminate\\Foundation\\Http\\Middleware\\TrimStrings.php(51): Illuminate\\Foundation\\Http\\Middleware\\TransformsRequest->handle(Object(Illuminate\\Http\\Request), Object(Closure))
#28 C:\\Works\\irhebo\\irhebo-backend\\vendor\\laravel\\framework\\src\\Illuminate\\Pipeline\\Pipeline.php(183): Illuminate\\Foundation\\Http\\Middleware\\TrimStrings->handle(Object(Illuminate\\Http\\Request), Object(Closure))
#29 C:\\Works\\irhebo\\irhebo-backend\\vendor\\laravel\\framework\\src\\Illuminate\\Http\\Middleware\\ValidatePostSize.php(27): Illuminate\\Pipeline\\Pipeline->Illuminate\\Pipeline\\{closure}(Object(Illuminate\\Http\\Request))
#30 C:\\Works\\irhebo\\irhebo-backend\\vendor\\laravel\\framework\\src\\Illuminate\\Pipeline\\Pipeline.php(183): Illuminate\\Http\\Middleware\\ValidatePostSize->handle(Object(Illuminate\\Http\\Request), Object(Closure))
#31 C:\\Works\\irhebo\\irhebo-backend\\vendor\\laravel\\framework\\src\\Illuminate\\Foundation\\Http\\Middleware\\PreventRequestsDuringMaintenance.php(110): Illuminate\\Pipeline\\Pipeline->Illuminate\\Pipeline\\{closure}(Object(Illuminate\\Http\\Request))
#32 C:\\Works\\irhebo\\irhebo-backend\\vendor\\laravel\\framework\\src\\Illuminate\\Pipeline\\Pipeline.php(183): Illuminate\\Foundation\\Http\\Middleware\\PreventRequestsDuringMaintenance->handle(Object(Illuminate\\Http\\Request), Object(Closure))
#33 C:\\Works\\irhebo\\irhebo-backend\\vendor\\laravel\\framework\\src\\Illuminate\\Http\\Middleware\\HandleCors.php(62): Illuminate\\Pipeline\\Pipeline->Illuminate\\Pipeline\\{closure}(Object(Illuminate\\Http\\Request))
#34 C:\\Works\\irhebo\\irhebo-backend\\vendor\\laravel\\framework\\src\\Illuminate\\Pipeline\\Pipeline.php(183): Illuminate\\Http\\Middleware\\HandleCors->handle(Object(Illuminate\\Http\\Request), Object(Closure))
#35 C:\\Works\\irhebo\\irhebo-backend\\vendor\\laravel\\framework\\src\\Illuminate\\Http\\Middleware\\TrustProxies.php(58): Illuminate\\Pipeline\\Pipeline->Illuminate\\Pipeline\\{closure}(Object(Illuminate\\Http\\Request))
#36 C:\\Works\\irhebo\\irhebo-backend\\vendor\\laravel\\framework\\src\\Illuminate\\Pipeline\\Pipeline.php(183): Illuminate\\Http\\Middleware\\TrustProxies->handle(Object(Illuminate\\Http\\Request), Object(Closure))
#37 C:\\Works\\irhebo\\irhebo-backend\\vendor\\laravel\\framework\\src\\Illuminate\\Foundation\\Http\\Middleware\\InvokeDeferredCallbacks.php(22): Illuminate\\Pipeline\\Pipeline->Illuminate\\Pipeline\\{closure}(Object(Illuminate\\Http\\Request))
#38 C:\\Works\\irhebo\\irhebo-backend\\vendor\\laravel\\framework\\src\\Illuminate\\Pipeline\\Pipeline.php(183): Illuminate\\Foundation\\Http\\Middleware\\InvokeDeferredCallbacks->handle(Object(Illuminate\\Http\\Request), Object(Closure))
#39 C:\\Works\\irhebo\\irhebo-backend\\vendor\\laravel\\framework\\src\\Illuminate\\Pipeline\\Pipeline.php(119): Illuminate\\Pipeline\\Pipeline->Illuminate\\Pipeline\\{closure}(Object(Illuminate\\Http\\Request))
#40 C:\\Works\\irhebo\\irhebo-backend\\vendor\\laravel\\framework\\src\\Illuminate\\Foundation\\Http\\Kernel.php(176): Illuminate\\Pipeline\\Pipeline->then(Object(Closure))
#41 C:\\Works\\irhebo\\irhebo-backend\\vendor\\laravel\\framework\\src\\Illuminate\\Foundation\\Http\\Kernel.php(145): Illuminate\\Foundation\\Http\\Kernel->sendRequestThroughRouter(Object(Illuminate\\Http\\Request))
#42 C:\\Works\\irhebo\\irhebo-backend\\vendor\\laravel\\framework\\src\\Illuminate\\Foundation\\Application.php(1190): Illuminate\\Foundation\\Http\\Kernel->handle(Object(Illuminate\\Http\\Request))
#43 C:\\Works\\irhebo\\irhebo-backend\\public\\index.php(17): Illuminate\\Foundation\\Application->handleRequest(Object(Illuminate\\Http\\Request))
#44 C:\\Works\\irhebo\\irhebo-backend\\vendor\\laravel\\framework\\src\\Illuminate\\Foundation\\resources\\server.php(23): require_once('C:\\\\Works\\\\irhebo...')
#45 {main}"} 
[2026-01-26 17:21:33] local.ERROR: Call to a member function reviews() on null {"userId":613,"exception":"[object] (Error(code: 0): Call to a member function reviews() on null at C:\\Works\\irhebo\\irhebo-backend\\app\\Http\\Resources\\RequestDetailsResource.php:33)
[stacktrace]
#0 C:\\Works\\irhebo\\irhebo-backend\\vendor\\laravel\\framework\\src\\Illuminate\\Http\\Resources\\Json\\JsonResource.php(108): App\\Http\\Resources\\RequestDetailsResource->toArray(Object(Illuminate\\Http\\Request))
#1 C:\\Works\\irhebo\\irhebo-backend\\vendor\\laravel\\framework\\src\\Illuminate\\Http\\Resources\\Json\\JsonResource.php(255): Illuminate\\Http\\Resources\\Json\\JsonResource->resolve(Object(Illuminate\\Http\\Request))
#2 [internal function]: Illuminate\\Http\\Resources\\Json\\JsonResource->jsonSerialize()
#3 C:\\Works\\irhebo\\irhebo-backend\\vendor\\laravel\\framework\\src\\Illuminate\\Http\\JsonResponse.php(86): json_encode(Array, 0)
#4 C:\\Works\\irhebo\\irhebo-backend\\vendor\\symfony\\http-foundation\\JsonResponse.php(49): Illuminate\\Http\\JsonResponse->setData(Array)
#5 C:\\Works\\irhebo\\irhebo-backend\\vendor\\laravel\\framework\\src\\Illuminate\\Http\\JsonResponse.php(32): Symfony\\Component\\HttpFoundation\\JsonResponse->__construct(Array, 200, Array, false)
#6 C:\\Works\\irhebo\\irhebo-backend\\vendor\\laravel\\framework\\src\\Illuminate\\Routing\\ResponseFactory.php(102): Illuminate\\Http\\JsonResponse->__construct(Array, 200, Array, 0)
#7 C:\\Works\\irhebo\\irhebo-backend\\app\\Traits\\BaseResponse.php(21): Illuminate\\Routing\\ResponseFactory->json(Array, 200)
#8 C:\\Works\\irhebo\\irhebo-backend\\app\\Http\\Controllers\\Api\\RequestController.php(149): App\\Http\\Controllers\\Controller->successResponse('\\xD8\\xAA\\xD9\\x85 \\xD8\\xA7\\xD9\\x84\\xD8\\xAA\\xD9\\x86\\xD9\\x81...', Object(App\\Http\\Resources\\RequestDetailsResource))
#9 C:\\Works\\irhebo\\irhebo-backend\\vendor\\laravel\\framework\\src\\Illuminate\\Routing\\ControllerDispatcher.php(47): App\\Http\\Controllers\\Api\\RequestController->requestDetails('433')
#10 C:\\Works\\irhebo\\irhebo-backend\\vendor\\laravel\\framework\\src\\Illuminate\\Routing\\Route.php(266): Illuminate\\Routing\\ControllerDispatcher->dispatch(Object(Illuminate\\Routing\\Route), Object(App\\Http\\Controllers\\Api\\RequestController), 'requestDetails')
#11 C:\\Works\\irhebo\\irhebo-backend\\vendor\\laravel\\framework\\src\\Illuminate\\Routing\\Route.php(212): Illuminate\\Routing\\Route->runController()
#12 C:\\Works\\irhebo\\irhebo-backend\\vendor\\laravel\\framework\\src\\Illuminate\\Routing\\Router.php(808): Illuminate\\Routing\\Route->run()
#13 C:\\Works\\irhebo\\irhebo-backend\\vendor\\laravel\\framework\\src\\Illuminate\\Pipeline\\Pipeline.php(144): Illuminate\\Routing\\Router->Illuminate\\Routing\\{closure}(Object(Illuminate\\Http\\Request))
#14 C:\\Works\\irhebo\\irhebo-backend\\app\\Http\\Middleware\\SetLocaleFromHeader.php(25): Illuminate\\Pipeline\\Pipeline->Illuminate\\Pipeline\\{closure}(Object(Illuminate\\Http\\Request))
#15 C:\\Works\\irhebo\\irhebo-backend\\vendor\\laravel\\framework\\src\\Illuminate\\Pipeline\\Pipeline.php(183): App\\Http\\Middleware\\SetLocaleFromHeader->handle(Object(Illuminate\\Http\\Request), Object(Closure))
#16 C:\\Works\\irhebo\\irhebo-backend\\vendor\\laravel\\framework\\src\\Illuminate\\Routing\\Middleware\\SubstituteBindings.php(51): Illuminate\\Pipeline\\Pipeline->Illuminate\\Pipeline\\{closure}(Object(Illuminate\\Http\\Request))
#17 C:\\Works\\irhebo\\irhebo-backend\\vendor\\laravel\\framework\\src\\Illuminate\\Pipeline\\Pipeline.php(183): Illuminate\\Routing\\Middleware\\SubstituteBindings->handle(Object(Illuminate\\Http\\Request), Object(Closure))
#18 C:\\Works\\irhebo\\irhebo-backend\\vendor\\laravel\\framework\\src\\Illuminate\\Auth\\Middleware\\Authenticate.php(64): Illuminate\\Pipeline\\Pipeline->Illuminate\\Pipeline\\{closure}(Object(Illuminate\\Http\\Request))
#19 C:\\Works\\irhebo\\irhebo-backend\\vendor\\laravel\\framework\\src\\Illuminate\\Pipeline\\Pipeline.php(183): Illuminate\\Auth\\Middleware\\Authenticate->handle(Object(Illuminate\\Http\\Request), Object(Closure), 'api')
#20 C:\\Works\\irhebo\\irhebo-backend\\vendor\\laravel\\framework\\src\\Illuminate\\Pipeline\\Pipeline.php(119): Illuminate\\Pipeline\\Pipeline->Illuminate\\Pipeline\\{closure}(Object(Illuminate\\Http\\Request))
#21 C:\\Works\\irhebo\\irhebo-backend\\vendor\\laravel\\framework\\src\\Illuminate\\Routing\\Router.php(807): Illuminate\\Pipeline\\Pipeline->then(Object(Closure))
#22 C:\\Works\\irhebo\\irhebo-backend\\vendor\\laravel\\framework\\src\\Illuminate\\Routing\\Router.php(786): Illuminate\\Routing\\Router->runRouteWithinStack(Object(Illuminate\\Routing\\Route), Object(Illuminate\\Http\\Request))
#23 C:\\Works\\irhebo\\irhebo-backend\\vendor\\laravel\\framework\\src\\Illuminate\\Routing\\Router.php(750): Illuminate\\Routing\\Router->runRoute(Object(Illuminate\\Http\\Request), Object(Illuminate\\Routing\\Route))
#24 C:\\Works\\irhebo\\irhebo-backend\\vendor\\laravel\\framework\\src\\Illuminate\\Routing\\Router.php(739): Illuminate\\Routing\\Router->dispatchToRoute(Object(Illuminate\\Http\\Request))
#25 C:\\Works\\irhebo\\irhebo-backend\\vendor\\laravel\\framework\\src\\Illuminate\\Foundation\\Http\\Kernel.php(201): Illuminate\\Routing\\Router->dispatch(Object(Illuminate\\Http\\Request))
#26 C:\\Works\\irhebo\\irhebo-backend\\vendor\\laravel\\framework\\src\\Illuminate\\Pipeline\\Pipeline.php(144): Illuminate\\Foundation\\Http\\Kernel->Illuminate\\Foundation\\Http\\{closure}(Object(Illuminate\\Http\\Request))
#27 C:\\Works\\irhebo\\irhebo-backend\\vendor\\proengsoft\\laravel-jsvalidation\\src\\RemoteValidationMiddleware.php(61): Illuminate\\Pipeline\\Pipeline->Illuminate\\Pipeline\\{closure}(Object(Illuminate\\Http\\Request))
#28 C:\\Works\\irhebo\\irhebo-backend\\vendor\\laravel\\framework\\src\\Illuminate\\Pipeline\\Pipeline.php(183): Proengsoft\\JsValidation\\RemoteValidationMiddleware->handle(Object(Illuminate\\Http\\Request), Object(Closure))
#29 C:\\Works\\irhebo\\irhebo-backend\\vendor\\laravel\\framework\\src\\Illuminate\\Foundation\\Http\\Middleware\\TransformsRequest.php(21): Illuminate\\Pipeline\\Pipeline->Illuminate\\Pipeline\\{closure}(Object(Illuminate\\Http\\Request))
#30 C:\\Works\\irhebo\\irhebo-backend\\vendor\\laravel\\framework\\src\\Illuminate\\Foundation\\Http\\Middleware\\ConvertEmptyStringsToNull.php(31): Illuminate\\Foundation\\Http\\Middleware\\TransformsRequest->handle(Object(Illuminate\\Http\\Request), Object(Closure))
#31 C:\\Works\\irhebo\\irhebo-backend\\vendor\\laravel\\framework\\src\\Illuminate\\Pipeline\\Pipeline.php(183): Illuminate\\Foundation\\Http\\Middleware\\ConvertEmptyStringsToNull->handle(Object(Illuminate\\Http\\Request), Object(Closure))
#32 C:\\Works\\irhebo\\irhebo-backend\\vendor\\laravel\\framework\\src\\Illuminate\\Foundation\\Http\\Middleware\\TransformsRequest.php(21): Illuminate\\Pipeline\\Pipeline->Illuminate\\Pipeline\\{closure}(Object(Illuminate\\Http\\Request))
#33 C:\\Works\\irhebo\\irhebo-backend\\vendor\\laravel\\framework\\src\\Illuminate\\Foundation\\Http\\Middleware\\TrimStrings.php(51): Illuminate\\Foundation\\Http\\Middleware\\TransformsRequest->handle(Object(Illuminate\\Http\\Request), Object(Closure))
#34 C:\\Works\\irhebo\\irhebo-backend\\vendor\\laravel\\framework\\src\\Illuminate\\Pipeline\\Pipeline.php(183): Illuminate\\Foundation\\Http\\Middleware\\TrimStrings->handle(Object(Illuminate\\Http\\Request), Object(Closure))
#35 C:\\Works\\irhebo\\irhebo-backend\\vendor\\laravel\\framework\\src\\Illuminate\\Http\\Middleware\\ValidatePostSize.php(27): Illuminate\\Pipeline\\Pipeline->Illuminate\\Pipeline\\{closure}(Object(Illuminate\\Http\\Request))
#36 C:\\Works\\irhebo\\irhebo-backend\\vendor\\laravel\\framework\\src\\Illuminate\\Pipeline\\Pipeline.php(183): Illuminate\\Http\\Middleware\\ValidatePostSize->handle(Object(Illuminate\\Http\\Request), Object(Closure))
#37 C:\\Works\\irhebo\\irhebo-backend\\vendor\\laravel\\framework\\src\\Illuminate\\Foundation\\Http\\Middleware\\PreventRequestsDuringMaintenance.php(110): Illuminate\\Pipeline\\Pipeline->Illuminate\\Pipeline\\{closure}(Object(Illuminate\\Http\\Request))
#38 C:\\Works\\irhebo\\irhebo-backend\\vendor\\laravel\\framework\\src\\Illuminate\\Pipeline\\Pipeline.php(183): Illuminate\\Foundation\\Http\\Middleware\\PreventRequestsDuringMaintenance->handle(Object(Illuminate\\Http\\Request), Object(Closure))
#39 C:\\Works\\irhebo\\irhebo-backend\\vendor\\laravel\\framework\\src\\Illuminate\\Http\\Middleware\\HandleCors.php(62): Illuminate\\Pipeline\\Pipeline->Illuminate\\Pipeline\\{closure}(Object(Illuminate\\Http\\Request))
#40 C:\\Works\\irhebo\\irhebo-backend\\vendor\\laravel\\framework\\src\\Illuminate\\Pipeline\\Pipeline.php(183): Illuminate\\Http\\Middleware\\HandleCors->handle(Object(Illuminate\\Http\\Request), Object(Closure))
#41 C:\\Works\\irhebo\\irhebo-backend\\vendor\\laravel\\framework\\src\\Illuminate\\Http\\Middleware\\TrustProxies.php(58): Illuminate\\Pipeline\\Pipeline->Illuminate\\Pipeline\\{closure}(Object(Illuminate\\Http\\Request))
#42 C:\\Works\\irhebo\\irhebo-backend\\vendor\\laravel\\framework\\src\\Illuminate\\Pipeline\\Pipeline.php(183): Illuminate\\Http\\Middleware\\TrustProxies->handle(Object(Illuminate\\Http\\Request), Object(Closure))
#43 C:\\Works\\irhebo\\irhebo-backend\\vendor\\laravel\\framework\\src\\Illuminate\\Foundation\\Http\\Middleware\\InvokeDeferredCallbacks.php(22): Illuminate\\Pipeline\\Pipeline->Illuminate\\Pipeline\\{closure}(Object(Illuminate\\Http\\Request))
#44 C:\\Works\\irhebo\\irhebo-backend\\vendor\\laravel\\framework\\src\\Illuminate\\Pipeline\\Pipeline.php(183): Illuminate\\Foundation\\Http\\Middleware\\InvokeDeferredCallbacks->handle(Object(Illuminate\\Http\\Request), Object(Closure))
#45 C:\\Works\\irhebo\\irhebo-backend\\vendor\\laravel\\framework\\src\\Illuminate\\Pipeline\\Pipeline.php(119): Illuminate\\Pipeline\\Pipeline->Illuminate\\Pipeline\\{closure}(Object(Illuminate\\Http\\Request))
#46 C:\\Works\\irhebo\\irhebo-backend\\vendor\\laravel\\framework\\src\\Illuminate\\Foundation\\Http\\Kernel.php(176): Illuminate\\Pipeline\\Pipeline->then(Object(Closure))
#47 C:\\Works\\irhebo\\irhebo-backend\\vendor\\laravel\\framework\\src\\Illuminate\\Foundation\\Http\\Kernel.php(145): Illuminate\\Foundation\\Http\\Kernel->sendRequestThroughRouter(Object(Illuminate\\Http\\Request))
#48 C:\\Works\\irhebo\\irhebo-backend\\vendor\\laravel\\framework\\src\\Illuminate\\Foundation\\Application.php(1190): Illuminate\\Foundation\\Http\\Kernel->handle(Object(Illuminate\\Http\\Request))
#49 C:\\Works\\irhebo\\irhebo-backend\\public\\index.php(17): Illuminate\\Foundation\\Application->handleRequest(Object(Illuminate\\Http\\Request))
#50 C:\\Works\\irhebo\\irhebo-backend\\vendor\\laravel\\framework\\src\\Illuminate\\Foundation\\resources\\server.php(23): require_once('C:\\\\Works\\\\irhebo...')
#51 {main}
"} 
[2026-01-26 17:23:30] local.ERROR: Call to a member function reviews() on null {"userId":613,"exception":"[object] (Error(code: 0): Call to a member function reviews() on null at C:\\Works\\irhebo\\irhebo-backend\\app\\Http\\Resources\\RequestDetailsResource.php:33)
[stacktrace]
#0 C:\\Works\\irhebo\\irhebo-backend\\vendor\\laravel\\framework\\src\\Illuminate\\Http\\Resources\\Json\\JsonResource.php(108): App\\Http\\Resources\\RequestDetailsResource->toArray(Object(Illuminate\\Http\\Request))
#1 C:\\Works\\irhebo\\irhebo-backend\\vendor\\laravel\\framework\\src\\Illuminate\\Http\\Resources\\Json\\JsonResource.php(255): Illuminate\\Http\\Resources\\Json\\JsonResource->resolve(Object(Illuminate\\Http\\Request))
#2 [internal function]: Illuminate\\Http\\Resources\\Json\\JsonResource->jsonSerialize()
#3 C:\\Works\\irhebo\\irhebo-backend\\vendor\\laravel\\framework\\src\\Illuminate\\Http\\JsonResponse.php(86): json_encode(Array, 0)
#4 C:\\Works\\irhebo\\irhebo-backend\\vendor\\symfony\\http-foundation\\JsonResponse.php(49): Illuminate\\Http\\JsonResponse->setData(Array)
#5 C:\\Works\\irhebo\\irhebo-backend\\vendor\\laravel\\framework\\src\\Illuminate\\Http\\JsonResponse.php(32): Symfony\\Component\\HttpFoundation\\JsonResponse->__construct(Array, 200, Array, false)
#6 C:\\Works\\irhebo\\irhebo-backend\\vendor\\laravel\\framework\\src\\Illuminate\\Routing\\ResponseFactory.php(102): Illuminate\\Http\\JsonResponse->__construct(Array, 200, Array, 0)
#7 C:\\Works\\irhebo\\irhebo-backend\\app\\Traits\\BaseResponse.php(21): Illuminate\\Routing\\ResponseFactory->json(Array, 200)
#8 C:\\Works\\irhebo\\irhebo-backend\\app\\Http\\Controllers\\Api\\RequestController.php(149): App\\Http\\Controllers\\Controller->successResponse('\\xD8\\xAA\\xD9\\x85 \\xD8\\xA7\\xD9\\x84\\xD8\\xAA\\xD9\\x86\\xD9\\x81...', Object(App\\Http\\Resources\\RequestDetailsResource))
#9 C:\\Works\\irhebo\\irhebo-backend\\vendor\\laravel\\framework\\src\\Illuminate\\Routing\\ControllerDispatcher.php(47): App\\Http\\Controllers\\Api\\RequestController->requestDetails('433')
#10 C:\\Works\\irhebo\\irhebo-backend\\vendor\\laravel\\framework\\src\\Illuminate\\Routing\\Route.php(266): Illuminate\\Routing\\ControllerDispatcher->dispatch(Object(Illuminate\\Routing\\Route), Object(App\\Http\\Controllers\\Api\\RequestController), 'requestDetails')
#11 C:\\Works\\irhebo\\irhebo-backend\\vendor\\laravel\\framework\\src\\Illuminate\\Routing\\Route.php(212): Illuminate\\Routing\\Route->runController()
#12 C:\\Works\\irhebo\\irhebo-backend\\vendor\\laravel\\framework\\src\\Illuminate\\Routing\\Router.php(808): Illuminate\\Routing\\Route->run()
#13 C:\\Works\\irhebo\\irhebo-backend\\vendor\\laravel\\framework\\src\\Illuminate\\Pipeline\\Pipeline.php(144): Illuminate\\Routing\\Router->Illuminate\\Routing\\{closure}(Object(Illuminate\\Http\\Request))
#14 C:\\Works\\irhebo\\irhebo-backend\\app\\Http\\Middleware\\SetLocaleFromHeader.php(25): Illuminate\\Pipeline\\Pipeline->Illuminate\\Pipeline\\{closure}(Object(Illuminate\\Http\\Request))
#15 C:\\Works\\irhebo\\irhebo-backend\\vendor\\laravel\\framework\\src\\Illuminate\\Pipeline\\Pipeline.php(183): App\\Http\\Middleware\\SetLocaleFromHeader->handle(Object(Illuminate\\Http\\Request), Object(Closure))
#16 C:\\Works\\irhebo\\irhebo-backend\\vendor\\laravel\\framework\\src\\Illuminate\\Routing\\Middleware\\SubstituteBindings.php(51): Illuminate\\Pipeline\\Pipeline->Illuminate\\Pipeline\\{closure}(Object(Illuminate\\Http\\Request))
#17 C:\\Works\\irhebo\\irhebo-backend\\vendor\\laravel\\framework\\src\\Illuminate\\Pipeline\\Pipeline.php(183): Illuminate\\Routing\\Middleware\\SubstituteBindings->handle(Object(Illuminate\\Http\\Request), Object(Closure))
#18 C:\\Works\\irhebo\\irhebo-backend\\vendor\\laravel\\framework\\src\\Illuminate\\Auth\\Middleware\\Authenticate.php(64): Illuminate\\Pipeline\\Pipeline->Illuminate\\Pipeline\\{closure}(Object(Illuminate\\Http\\Request))
#19 C:\\Works\\irhebo\\irhebo-backend\\vendor\\laravel\\framework\\src\\Illuminate\\Pipeline\\Pipeline.php(183): Illuminate\\Auth\\Middleware\\Authenticate->handle(Object(Illuminate\\Http\\Request), Object(Closure), 'api')
#20 C:\\Works\\irhebo\\irhebo-backend\\vendor\\laravel\\framework\\src\\Illuminate\\Pipeline\\Pipeline.php(119): Illuminate\\Pipeline\\Pipeline->Illuminate\\Pipeline\\{closure}(Object(Illuminate\\Http\\Request))
#21 C:\\Works\\irhebo\\irhebo-backend\\vendor\\laravel\\framework\\src\\Illuminate\\Routing\\Router.php(807): Illuminate\\Pipeline\\Pipeline->then(Object(Closure))
#22 C:\\Works\\irhebo\\irhebo-backend\\vendor\\laravel\\framework\\src\\Illuminate\\Routing\\Router.php(786): Illuminate\\Routing\\Router->runRouteWithinStack(Object(Illuminate\\Routing\\Route), Object(Illuminate\\Http\\Request))
#23 C:\\Works\\irhebo\\irhebo-backend\\vendor\\laravel\\framework\\src\\Illuminate\\Routing\\Router.php(750): Illuminate\\Routing\\Router->runRoute(Object(Illuminate\\Http\\Request), Object(Illuminate\\Routing\\Route))
#24 C:\\Works\\irhebo\\irhebo-backend\\vendor\\laravel\\framework\\src\\Illuminate\\Routing\\Router.php(739): Illuminate\\Routing\\Router->dispatchToRoute(Object(Illuminate\\Http\\Request))
#25 C:\\Works\\irhebo\\irhebo-backend\\vendor\\laravel\\framework\\src\\Illuminate\\Foundation\\Http\\Kernel.php(201): Illuminate\\Routing\\Router->dispatch(Object(Illuminate\\Http\\Request))
#26 C:\\Works\\irhebo\\irhebo-backend\\vendor\\laravel\\framework\\src\\Illuminate\\Pipeline\\Pipeline.php(144): Illuminate\\Foundation\\Http\\Kernel->Illuminate\\Foundation\\Http\\{closure}(Object(Illuminate\\Http\\Request))
#27 C:\\Works\\irhebo\\irhebo-backend\\vendor\\proengsoft\\laravel-jsvalidation\\src\\RemoteValidationMiddleware.php(61): Illuminate\\Pipeline\\Pipeline->Illuminate\\Pipeline\\{closure}(Object(Illuminate\\Http\\Request))
#28 C:\\Works\\irhebo\\irhebo-backend\\vendor\\laravel\\framework\\src\\Illuminate\\Pipeline\\Pipeline.php(183): Proengsoft\\JsValidation\\RemoteValidationMiddleware->handle(Object(Illuminate\\Http\\Request), Object(Closure))
#29 C:\\Works\\irhebo\\irhebo-backend\\vendor\\laravel\\framework\\src\\Illuminate\\Foundation\\Http\\Middleware\\TransformsRequest.php(21): Illuminate\\Pipeline\\Pipeline->Illuminate\\Pipeline\\{closure}(Object(Illuminate\\Http\\Request))
#30 C:\\Works\\irhebo\\irhebo-backend\\vendor\\laravel\\framework\\src\\Illuminate\\Foundation\\Http\\Middleware\\ConvertEmptyStringsToNull.php(31): Illuminate\\Foundation\\Http\\Middleware\\TransformsRequest->handle(Object(Illuminate\\Http\\Request), Object(Closure))
#31 C:\\Works\\irhebo\\irhebo-backend\\vendor\\laravel\\framework\\src\\Illuminate\\Pipeline\\Pipeline.php(183): Illuminate\\Foundation\\Http\\Middleware\\ConvertEmptyStringsToNull->handle(Object(Illuminate\\Http\\Request), Object(Closure))
#32 C:\\Works\\irhebo\\irhebo-backend\\vendor\\laravel\\framework\\src\\Illuminate\\Foundation\\Http\\Middleware\\TransformsRequest.php(21): Illuminate\\Pipeline\\Pipeline->Illuminate\\Pipeline\\{closure}(Object(Illuminate\\Http\\Request))
#33 C:\\Works\\irhebo\\irhebo-backend\\vendor\\laravel\\framework\\src\\Illuminate\\Foundation\\Http\\Middleware\\TrimStrings.php(51): Illuminate\\Foundation\\Http\\Middleware\\TransformsRequest->handle(Object(Illuminate\\Http\\Request), Object(Closure))
#34 C:\\Works\\irhebo\\irhebo-backend\\vendor\\laravel\\framework\\src\\Illuminate\\Pipeline\\Pipeline.php(183): Illuminate\\Foundation\\Http\\Middleware\\TrimStrings->handle(Object(Illuminate\\Http\\Request), Object(Closure))
#35 C:\\Works\\irhebo\\irhebo-backend\\vendor\\laravel\\framework\\src\\Illuminate\\Http\\Middleware\\ValidatePostSize.php(27): Illuminate\\Pipeline\\Pipeline->Illuminate\\Pipeline\\{closure}(Object(Illuminate\\Http\\Request))
#36 C:\\Works\\irhebo\\irhebo-backend\\vendor\\laravel\\framework\\src\\Illuminate\\Pipeline\\Pipeline.php(183): Illuminate\\Http\\Middleware\\ValidatePostSize->handle(Object(Illuminate\\Http\\Request), Object(Closure))
#37 C:\\Works\\irhebo\\irhebo-backend\\vendor\\laravel\\framework\\src\\Illuminate\\Foundation\\Http\\Middleware\\PreventRequestsDuringMaintenance.php(110): Illuminate\\Pipeline\\Pipeline->Illuminate\\Pipeline\\{closure}(Object(Illuminate\\Http\\Request))
#38 C:\\Works\\irhebo\\irhebo-backend\\vendor\\laravel\\framework\\src\\Illuminate\\Pipeline\\Pipeline.php(183): Illuminate\\Foundation\\Http\\Middleware\\PreventRequestsDuringMaintenance->handle(Object(Illuminate\\Http\\Request), Object(Closure))
#39 C:\\Works\\irhebo\\irhebo-backend\\vendor\\laravel\\framework\\src\\Illuminate\\Http\\Middleware\\HandleCors.php(62): Illuminate\\Pipeline\\Pipeline->Illuminate\\Pipeline\\{closure}(Object(Illuminate\\Http\\Request))
#40 C:\\Works\\irhebo\\irhebo-backend\\vendor\\laravel\\framework\\src\\Illuminate\\Pipeline\\Pipeline.php(183): Illuminate\\Http\\Middleware\\HandleCors->handle(Object(Illuminate\\Http\\Request), Object(Closure))
#41 C:\\Works\\irhebo\\irhebo-backend\\vendor\\laravel\\framework\\src\\Illuminate\\Http\\Middleware\\TrustProxies.php(58): Illuminate\\Pipeline\\Pipeline->Illuminate\\Pipeline\\{closure}(Object(Illuminate\\Http\\Request))
#42 C:\\Works\\irhebo\\irhebo-backend\\vendor\\laravel\\framework\\src\\Illuminate\\Pipeline\\Pipeline.php(183): Illuminate\\Http\\Middleware\\TrustProxies->handle(Object(Illuminate\\Http\\Request), Object(Closure))
#43 C:\\Works\\irhebo\\irhebo-backend\\vendor\\laravel\\framework\\src\\Illuminate\\Foundation\\Http\\Middleware\\InvokeDeferredCallbacks.php(22): Illuminate\\Pipeline\\Pipeline->Illuminate\\Pipeline\\{closure}(Object(Illuminate\\Http\\Request))
#44 C:\\Works\\irhebo\\irhebo-backend\\vendor\\laravel\\framework\\src\\Illuminate\\Pipeline\\Pipeline.php(183): Illuminate\\Foundation\\Http\\Middleware\\InvokeDeferredCallbacks->handle(Object(Illuminate\\Http\\Request), Object(Closure))
#45 C:\\Works\\irhebo\\irhebo-backend\\vendor\\laravel\\framework\\src\\Illuminate\\Pipeline\\Pipeline.php(119): Illuminate\\Pipeline\\Pipeline->Illuminate\\Pipeline\\{closure}(Object(Illuminate\\Http\\Request))
#46 C:\\Works\\irhebo\\irhebo-backend\\vendor\\laravel\\framework\\src\\Illuminate\\Foundation\\Http\\Kernel.php(176): Illuminate\\Pipeline\\Pipeline->then(Object(Closure))
#47 C:\\Works\\irhebo\\irhebo-backend\\vendor\\laravel\\framework\\src\\Illuminate\\Foundation\\Http\\Kernel.php(145): Illuminate\\Foundation\\Http\\Kernel->sendRequestThroughRouter(Object(Illuminate\\Http\\Request))
#48 C:\\Works\\irhebo\\irhebo-backend\\vendor\\laravel\\framework\\src\\Illuminate\\Foundation\\Application.php(1190): Illuminate\\Foundation\\Http\\Kernel->handle(Object(Illuminate\\Http\\Request))
#49 C:\\Works\\irhebo\\irhebo-backend\\public\\index.php(17): Illuminate\\Foundation\\Application->handleRequest(Object(Illuminate\\Http\\Request))
#50 C:\\Works\\irhebo\\irhebo-backend\\vendor\\laravel\\framework\\src\\Illuminate\\Foundation\\resources\\server.php(23): require_once('C:\\\\Works\\\\irhebo...')
#51 {main}
"} 
[2026-01-26 17:38:27] local.ERROR: The resource owner or authorization server denied the request. {"exception":"[object] (League\\OAuth2\\Server\\Exception\\OAuthServerException(code: 9): The resource owner or authorization server denied the request. at C:\\Works\\irhebo\\irhebo-backend\\vendor\\league\\oauth2-server\\src\\Exception\\OAuthServerException.php:243)
[stacktrace]
#0 C:\\Works\\irhebo\\irhebo-backend\\vendor\\league\\oauth2-server\\src\\AuthorizationValidators\\BearerTokenValidator.php(123): League\\OAuth2\\Server\\Exception\\OAuthServerException::accessDenied('Access token ha...')
#1 C:\\Works\\irhebo\\irhebo-backend\\vendor\\league\\oauth2-server\\src\\ResourceServer.php(84): League\\OAuth2\\Server\\AuthorizationValidators\\BearerTokenValidator->validateAuthorization(Object(Nyholm\\Psr7\\ServerRequest))
#2 C:\\Works\\irhebo\\irhebo-backend\\vendor\\laravel\\passport\\src\\Guards\\TokenGuard.php(232): League\\OAuth2\\Server\\ResourceServer->validateAuthenticatedRequest(Object(Nyholm\\Psr7\\ServerRequest))
#3 C:\\Works\\irhebo\\irhebo-backend\\vendor\\laravel\\passport\\src\\Guards\\TokenGuard.php(178): Laravel\\Passport\\Guards\\TokenGuard->getPsrRequestViaBearerToken(Object(Illuminate\\Http\\Request))
#4 C:\\Works\\irhebo\\irhebo-backend\\vendor\\laravel\\passport\\src\\Guards\\TokenGuard.php(120): Laravel\\Passport\\Guards\\TokenGuard->authenticateViaBearerToken(Object(Illuminate\\Http\\Request))
#5 C:\\Works\\irhebo\\irhebo-backend\\vendor\\laravel\\framework\\src\\Illuminate\\Auth\\GuardHelpers.php(56): Laravel\\Passport\\Guards\\TokenGuard->user()
#6 C:\\Works\\irhebo\\irhebo-backend\\vendor\\laravel\\framework\\src\\Illuminate\\Auth\\Middleware\\Authenticate.php(83): Laravel\\Passport\\Guards\\TokenGuard->check()
#7 C:\\Works\\irhebo\\irhebo-backend\\vendor\\laravel\\framework\\src\\Illuminate\\Auth\\Middleware\\Authenticate.php(62): Illuminate\\Auth\\Middleware\\Authenticate->authenticate(Object(Illuminate\\Http\\Request), Array)
#8 C:\\Works\\irhebo\\irhebo-backend\\vendor\\laravel\\framework\\src\\Illuminate\\Pipeline\\Pipeline.php(183): Illuminate\\Auth\\Middleware\\Authenticate->handle(Object(Illuminate\\Http\\Request), Object(Closure), 'api')
#9 C:\\Works\\irhebo\\irhebo-backend\\vendor\\laravel\\framework\\src\\Illuminate\\Pipeline\\Pipeline.php(119): Illuminate\\Pipeline\\Pipeline->Illuminate\\Pipeline\\{closure}(Object(Illuminate\\Http\\Request))
#10 C:\\Works\\irhebo\\irhebo-backend\\vendor\\laravel\\framework\\src\\Illuminate\\Routing\\Router.php(807): Illuminate\\Pipeline\\Pipeline->then(Object(Closure))
#11 C:\\Works\\irhebo\\irhebo-backend\\vendor\\laravel\\framework\\src\\Illuminate\\Routing\\Router.php(786): Illuminate\\Routing\\Router->runRouteWithinStack(Object(Illuminate\\Routing\\Route), Object(Illuminate\\Http\\Request))
#12 C:\\Works\\irhebo\\irhebo-backend\\vendor\\laravel\\framework\\src\\Illuminate\\Routing\\Router.php(750): Illuminate\\Routing\\Router->runRoute(Object(Illuminate\\Http\\Request), Object(Illuminate\\Routing\\Route))
#13 C:\\Works\\irhebo\\irhebo-backend\\vendor\\laravel\\framework\\src\\Illuminate\\Routing\\Router.php(739): Illuminate\\Routing\\Router->dispatchToRoute(Object(Illuminate\\Http\\Request))
#14 C:\\Works\\irhebo\\irhebo-backend\\vendor\\laravel\\framework\\src\\Illuminate\\Foundation\\Http\\Kernel.php(201): Illuminate\\Routing\\Router->dispatch(Object(Illuminate\\Http\\Request))
#15 C:\\Works\\irhebo\\irhebo-backend\\vendor\\laravel\\framework\\src\\Illuminate\\Pipeline\\Pipeline.php(144): Illuminate\\Foundation\\Http\\Kernel->Illuminate\\Foundation\\Http\\{closure}(Object(Illuminate\\Http\\Request))
#16 C:\\Works\\irhebo\\irhebo-backend\\vendor\\proengsoft\\laravel-jsvalidation\\src\\RemoteValidationMiddleware.php(61): Illuminate\\Pipeline\\Pipeline->Illuminate\\Pipeline\\{closure}(Object(Illuminate\\Http\\Request))
#17 C:\\Works\\irhebo\\irhebo-backend\\vendor\\laravel\\framework\\src\\Illuminate\\Pipeline\\Pipeline.php(183): Proengsoft\\JsValidation\\RemoteValidationMiddleware->handle(Object(Illuminate\\Http\\Request), Object(Closure))
#18 C:\\Works\\irhebo\\irhebo-backend\\vendor\\laravel\\framework\\src\\Illuminate\\Foundation\\Http\\Middleware\\TransformsRequest.php(21): Illuminate\\Pipeline\\Pipeline->Illuminate\\Pipeline\\{closure}(Object(Illuminate\\Http\\Request))
#19 C:\\Works\\irhebo\\irhebo-backend\\vendor\\laravel\\framework\\src\\Illuminate\\Foundation\\Http\\Middleware\\ConvertEmptyStringsToNull.php(31): Illuminate\\Foundation\\Http\\Middleware\\TransformsRequest->handle(Object(Illuminate\\Http\\Request), Object(Closure))
#20 C:\\Works\\irhebo\\irhebo-backend\\vendor\\laravel\\framework\\src\\Illuminate\\Pipeline\\Pipeline.php(183): Illuminate\\Foundation\\Http\\Middleware\\ConvertEmptyStringsToNull->handle(Object(Illuminate\\Http\\Request), Object(Closure))
#21 C:\\Works\\irhebo\\irhebo-backend\\vendor\\laravel\\framework\\src\\Illuminate\\Foundation\\Http\\Middleware\\TransformsRequest.php(21): Illuminate\\Pipeline\\Pipeline->Illuminate\\Pipeline\\{closure}(Object(Illuminate\\Http\\Request))
#22 C:\\Works\\irhebo\\irhebo-backend\\vendor\\laravel\\framework\\src\\Illuminate\\Foundation\\Http\\Middleware\\TrimStrings.php(51): Illuminate\\Foundation\\Http\\Middleware\\TransformsRequest->handle(Object(Illuminate\\Http\\Request), Object(Closure))
#23 C:\\Works\\irhebo\\irhebo-backend\\vendor\\laravel\\framework\\src\\Illuminate\\Pipeline\\Pipeline.php(183): Illuminate\\Foundation\\Http\\Middleware\\TrimStrings->handle(Object(Illuminate\\Http\\Request), Object(Closure))
#24 C:\\Works\\irhebo\\irhebo-backend\\vendor\\laravel\\framework\\src\\Illuminate\\Http\\Middleware\\ValidatePostSize.php(27): Illuminate\\Pipeline\\Pipeline->Illuminate\\Pipeline\\{closure}(Object(Illuminate\\Http\\Request))
#25 C:\\Works\\irhebo\\irhebo-backend\\vendor\\laravel\\framework\\src\\Illuminate\\Pipeline\\Pipeline.php(183): Illuminate\\Http\\Middleware\\ValidatePostSize->handle(Object(Illuminate\\Http\\Request), Object(Closure))
#26 C:\\Works\\irhebo\\irhebo-backend\\vendor\\laravel\\framework\\src\\Illuminate\\Foundation\\Http\\Middleware\\PreventRequestsDuringMaintenance.php(110): Illuminate\\Pipeline\\Pipeline->Illuminate\\Pipeline\\{closure}(Object(Illuminate\\Http\\Request))
#27 C:\\Works\\irhebo\\irhebo-backend\\vendor\\laravel\\framework\\src\\Illuminate\\Pipeline\\Pipeline.php(183): Illuminate\\Foundation\\Http\\Middleware\\PreventRequestsDuringMaintenance->handle(Object(Illuminate\\Http\\Request), Object(Closure))
#28 C:\\Works\\irhebo\\irhebo-backend\\vendor\\laravel\\framework\\src\\Illuminate\\Http\\Middleware\\HandleCors.php(62): Illuminate\\Pipeline\\Pipeline->Illuminate\\Pipeline\\{closure}(Object(Illuminate\\Http\\Request))
#29 C:\\Works\\irhebo\\irhebo-backend\\vendor\\laravel\\framework\\src\\Illuminate\\Pipeline\\Pipeline.php(183): Illuminate\\Http\\Middleware\\HandleCors->handle(Object(Illuminate\\Http\\Request), Object(Closure))
#30 C:\\Works\\irhebo\\irhebo-backend\\vendor\\laravel\\framework\\src\\Illuminate\\Http\\Middleware\\TrustProxies.php(58): Illuminate\\Pipeline\\Pipeline->Illuminate\\Pipeline\\{closure}(Object(Illuminate\\Http\\Request))
#31 C:\\Works\\irhebo\\irhebo-backend\\vendor\\laravel\\framework\\src\\Illuminate\\Pipeline\\Pipeline.php(183): Illuminate\\Http\\Middleware\\TrustProxies->handle(Object(Illuminate\\Http\\Request), Object(Closure))
#32 C:\\Works\\irhebo\\irhebo-backend\\vendor\\laravel\\framework\\src\\Illuminate\\Foundation\\Http\\Middleware\\InvokeDeferredCallbacks.php(22): Illuminate\\Pipeline\\Pipeline->Illuminate\\Pipeline\\{closure}(Object(Illuminate\\Http\\Request))
#33 C:\\Works\\irhebo\\irhebo-backend\\vendor\\laravel\\framework\\src\\Illuminate\\Pipeline\\Pipeline.php(183): Illuminate\\Foundation\\Http\\Middleware\\InvokeDeferredCallbacks->handle(Object(Illuminate\\Http\\Request), Object(Closure))
#34 C:\\Works\\irhebo\\irhebo-backend\\vendor\\laravel\\framework\\src\\Illuminate\\Pipeline\\Pipeline.php(119): Illuminate\\Pipeline\\Pipeline->Illuminate\\Pipeline\\{closure}(Object(Illuminate\\Http\\Request))
#35 C:\\Works\\irhebo\\irhebo-backend\\vendor\\laravel\\framework\\src\\Illuminate\\Foundation\\Http\\Kernel.php(176): Illuminate\\Pipeline\\Pipeline->then(Object(Closure))
#36 C:\\Works\\irhebo\\irhebo-backend\\vendor\\laravel\\framework\\src\\Illuminate\\Foundation\\Http\\Kernel.php(145): Illuminate\\Foundation\\Http\\Kernel->sendRequestThroughRouter(Object(Illuminate\\Http\\Request))
#37 C:\\Works\\irhebo\\irhebo-backend\\vendor\\laravel\\framework\\src\\Illuminate\\Foundation\\Application.php(1190): Illuminate\\Foundation\\Http\\Kernel->handle(Object(Illuminate\\Http\\Request))
#38 C:\\Works\\irhebo\\irhebo-backend\\public\\index.php(17): Illuminate\\Foundation\\Application->handleRequest(Object(Illuminate\\Http\\Request))
#39 C:\\Works\\irhebo\\irhebo-backend\\vendor\\laravel\\framework\\src\\Illuminate\\Foundation\\resources\\server.php(23): require_once('C:\\\\Works\\\\irhebo...')
#40 {main}
"} 
[2026-01-26 17:38:35] local.ERROR: The resource owner or authorization server denied the request. {"exception":"[object] (League\\OAuth2\\Server\\Exception\\OAuthServerException(code: 9): The resource owner or authorization server denied the request. at C:\\Works\\irhebo\\irhebo-backend\\vendor\\league\\oauth2-server\\src\\Exception\\OAuthServerException.php:243)
[stacktrace]
#0 C:\\Works\\irhebo\\irhebo-backend\\vendor\\league\\oauth2-server\\src\\AuthorizationValidators\\BearerTokenValidator.php(123): League\\OAuth2\\Server\\Exception\\OAuthServerException::accessDenied('Access token ha...')
#1 C:\\Works\\irhebo\\irhebo-backend\\vendor\\league\\oauth2-server\\src\\ResourceServer.php(84): League\\OAuth2\\Server\\AuthorizationValidators\\BearerTokenValidator->validateAuthorization(Object(Nyholm\\Psr7\\ServerRequest))
#2 C:\\Works\\irhebo\\irhebo-backend\\vendor\\laravel\\passport\\src\\Guards\\TokenGuard.php(232): League\\OAuth2\\Server\\ResourceServer->validateAuthenticatedRequest(Object(Nyholm\\Psr7\\ServerRequest))
#3 C:\\Works\\irhebo\\irhebo-backend\\vendor\\laravel\\passport\\src\\Guards\\TokenGuard.php(178): Laravel\\Passport\\Guards\\TokenGuard->getPsrRequestViaBearerToken(Object(Illuminate\\Http\\Request))
#4 C:\\Works\\irhebo\\irhebo-backend\\vendor\\laravel\\passport\\src\\Guards\\TokenGuard.php(120): Laravel\\Passport\\Guards\\TokenGuard->authenticateViaBearerToken(Object(Illuminate\\Http\\Request))
#5 C:\\Works\\irhebo\\irhebo-backend\\vendor\\laravel\\framework\\src\\Illuminate\\Auth\\GuardHelpers.php(56): Laravel\\Passport\\Guards\\TokenGuard->user()
#6 C:\\Works\\irhebo\\irhebo-backend\\vendor\\laravel\\framework\\src\\Illuminate\\Auth\\Middleware\\Authenticate.php(83): Laravel\\Passport\\Guards\\TokenGuard->check()
#7 C:\\Works\\irhebo\\irhebo-backend\\vendor\\laravel\\framework\\src\\Illuminate\\Auth\\Middleware\\Authenticate.php(62): Illuminate\\Auth\\Middleware\\Authenticate->authenticate(Object(Illuminate\\Http\\Request), Array)
#8 C:\\Works\\irhebo\\irhebo-backend\\vendor\\laravel\\framework\\src\\Illuminate\\Pipeline\\Pipeline.php(183): Illuminate\\Auth\\Middleware\\Authenticate->handle(Object(Illuminate\\Http\\Request), Object(Closure), 'api')
#9 C:\\Works\\irhebo\\irhebo-backend\\vendor\\laravel\\framework\\src\\Illuminate\\Pipeline\\Pipeline.php(119): Illuminate\\Pipeline\\Pipeline->Illuminate\\Pipeline\\{closure}(Object(Illuminate\\Http\\Request))
#10 C:\\Works\\irhebo\\irhebo-backend\\vendor\\laravel\\framework\\src\\Illuminate\\Routing\\Router.php(807): Illuminate\\Pipeline\\Pipeline->then(Object(Closure))
#11 C:\\Works\\irhebo\\irhebo-backend\\vendor\\laravel\\framework\\src\\Illuminate\\Routing\\Router.php(786): Illuminate\\Routing\\Router->runRouteWithinStack(Object(Illuminate\\Routing\\Route), Object(Illuminate\\Http\\Request))
#12 C:\\Works\\irhebo\\irhebo-backend\\vendor\\laravel\\framework\\src\\Illuminate\\Routing\\Router.php(750): Illuminate\\Routing\\Router->runRoute(Object(Illuminate\\Http\\Request), Object(Illuminate\\Routing\\Route))
#13 C:\\Works\\irhebo\\irhebo-backend\\vendor\\laravel\\framework\\src\\Illuminate\\Routing\\Router.php(739): Illuminate\\Routing\\Router->dispatchToRoute(Object(Illuminate\\Http\\Request))
#14 C:\\Works\\irhebo\\irhebo-backend\\vendor\\laravel\\framework\\src\\Illuminate\\Foundation\\Http\\Kernel.php(201): Illuminate\\Routing\\Router->dispatch(Object(Illuminate\\Http\\Request))
#15 C:\\Works\\irhebo\\irhebo-backend\\vendor\\laravel\\framework\\src\\Illuminate\\Pipeline\\Pipeline.php(144): Illuminate\\Foundation\\Http\\Kernel->Illuminate\\Foundation\\Http\\{closure}(Object(Illuminate\\Http\\Request))
#16 C:\\Works\\irhebo\\irhebo-backend\\vendor\\proengsoft\\laravel-jsvalidation\\src\\RemoteValidationMiddleware.php(61): Illuminate\\Pipeline\\Pipeline->Illuminate\\Pipeline\\{closure}(Object(Illuminate\\Http\\Request))
#17 C:\\Works\\irhebo\\irhebo-backend\\vendor\\laravel\\framework\\src\\Illuminate\\Pipeline\\Pipeline.php(183): Proengsoft\\JsValidation\\RemoteValidationMiddleware->handle(Object(Illuminate\\Http\\Request), Object(Closure))
#18 C:\\Works\\irhebo\\irhebo-backend\\vendor\\laravel\\framework\\src\\Illuminate\\Foundation\\Http\\Middleware\\TransformsRequest.php(21): Illuminate\\Pipeline\\Pipeline->Illuminate\\Pipeline\\{closure}(Object(Illuminate\\Http\\Request))
#19 C:\\Works\\irhebo\\irhebo-backend\\vendor\\laravel\\framework\\src\\Illuminate\\Foundation\\Http\\Middleware\\ConvertEmptyStringsToNull.php(31): Illuminate\\Foundation\\Http\\Middleware\\TransformsRequest->handle(Object(Illuminate\\Http\\Request), Object(Closure))
#20 C:\\Works\\irhebo\\irhebo-backend\\vendor\\laravel\\framework\\src\\Illuminate\\Pipeline\\Pipeline.php(183): Illuminate\\Foundation\\Http\\Middleware\\ConvertEmptyStringsToNull->handle(Object(Illuminate\\Http\\Request), Object(Closure))
#21 C:\\Works\\irhebo\\irhebo-backend\\vendor\\laravel\\framework\\src\\Illuminate\\Foundation\\Http\\Middleware\\TransformsRequest.php(21): Illuminate\\Pipeline\\Pipeline->Illuminate\\Pipeline\\{closure}(Object(Illuminate\\Http\\Request))
#22 C:\\Works\\irhebo\\irhebo-backend\\vendor\\laravel\\framework\\src\\Illuminate\\Foundation\\Http\\Middleware\\TrimStrings.php(51): Illuminate\\Foundation\\Http\\Middleware\\TransformsRequest->handle(Object(Illuminate\\Http\\Request), Object(Closure))
#23 C:\\Works\\irhebo\\irhebo-backend\\vendor\\laravel\\framework\\src\\Illuminate\\Pipeline\\Pipeline.php(183): Illuminate\\Foundation\\Http\\Middleware\\TrimStrings->handle(Object(Illuminate\\Http\\Request), Object(Closure))
#24 C:\\Works\\irhebo\\irhebo-backend\\vendor\\laravel\\framework\\src\\Illuminate\\Http\\Middleware\\ValidatePostSize.php(27): Illuminate\\Pipeline\\Pipeline->Illuminate\\Pipeline\\{closure}(Object(Illuminate\\Http\\Request))
#25 C:\\Works\\irhebo\\irhebo-backend\\vendor\\laravel\\framework\\src\\Illuminate\\Pipeline\\Pipeline.php(183): Illuminate\\Http\\Middleware\\ValidatePostSize->handle(Object(Illuminate\\Http\\Request), Object(Closure))
#26 C:\\Works\\irhebo\\irhebo-backend\\vendor\\laravel\\framework\\src\\Illuminate\\Foundation\\Http\\Middleware\\PreventRequestsDuringMaintenance.php(110): Illuminate\\Pipeline\\Pipeline->Illuminate\\Pipeline\\{closure}(Object(Illuminate\\Http\\Request))
#27 C:\\Works\\irhebo\\irhebo-backend\\vendor\\laravel\\framework\\src\\Illuminate\\Pipeline\\Pipeline.php(183): Illuminate\\Foundation\\Http\\Middleware\\PreventRequestsDuringMaintenance->handle(Object(Illuminate\\Http\\Request), Object(Closure))
#28 C:\\Works\\irhebo\\irhebo-backend\\vendor\\laravel\\framework\\src\\Illuminate\\Http\\Middleware\\HandleCors.php(62): Illuminate\\Pipeline\\Pipeline->Illuminate\\Pipeline\\{closure}(Object(Illuminate\\Http\\Request))
#29 C:\\Works\\irhebo\\irhebo-backend\\vendor\\laravel\\framework\\src\\Illuminate\\Pipeline\\Pipeline.php(183): Illuminate\\Http\\Middleware\\HandleCors->handle(Object(Illuminate\\Http\\Request), Object(Closure))
#30 C:\\Works\\irhebo\\irhebo-backend\\vendor\\laravel\\framework\\src\\Illuminate\\Http\\Middleware\\TrustProxies.php(58): Illuminate\\Pipeline\\Pipeline->Illuminate\\Pipeline\\{closure}(Object(Illuminate\\Http\\Request))
#31 C:\\Works\\irhebo\\irhebo-backend\\vendor\\laravel\\framework\\src\\Illuminate\\Pipeline\\Pipeline.php(183): Illuminate\\Http\\Middleware\\TrustProxies->handle(Object(Illuminate\\Http\\Request), Object(Closure))
#32 C:\\Works\\irhebo\\irhebo-backend\\vendor\\laravel\\framework\\src\\Illuminate\\Foundation\\Http\\Middleware\\InvokeDeferredCallbacks.php(22): Illuminate\\Pipeline\\Pipeline->Illuminate\\Pipeline\\{closure}(Object(Illuminate\\Http\\Request))
#33 C:\\Works\\irhebo\\irhebo-backend\\vendor\\laravel\\framework\\src\\Illuminate\\Pipeline\\Pipeline.php(183): Illuminate\\Foundation\\Http\\Middleware\\InvokeDeferredCallbacks->handle(Object(Illuminate\\Http\\Request), Object(Closure))
#34 C:\\Works\\irhebo\\irhebo-backend\\vendor\\laravel\\framework\\src\\Illuminate\\Pipeline\\Pipeline.php(119): Illuminate\\Pipeline\\Pipeline->Illuminate\\Pipeline\\{closure}(Object(Illuminate\\Http\\Request))
#35 C:\\Works\\irhebo\\irhebo-backend\\vendor\\laravel\\framework\\src\\Illuminate\\Foundation\\Http\\Kernel.php(176): Illuminate\\Pipeline\\Pipeline->then(Object(Closure))
#36 C:\\Works\\irhebo\\irhebo-backend\\vendor\\laravel\\framework\\src\\Illuminate\\Foundation\\Http\\Kernel.php(145): Illuminate\\Foundation\\Http\\Kernel->sendRequestThroughRouter(Object(Illuminate\\Http\\Request))
#37 C:\\Works\\irhebo\\irhebo-backend\\vendor\\laravel\\framework\\src\\Illuminate\\Foundation\\Application.php(1190): Illuminate\\Foundation\\Http\\Kernel->handle(Object(Illuminate\\Http\\Request))
#38 C:\\Works\\irhebo\\irhebo-backend\\public\\index.php(17): Illuminate\\Foundation\\Application->handleRequest(Object(Illuminate\\Http\\Request))
#39 C:\\Works\\irhebo\\irhebo-backend\\vendor\\laravel\\framework\\src\\Illuminate\\Foundation\\resources\\server.php(23): require_once('C:\\\\Works\\\\irhebo...')
#40 {main}
"} 
[2026-01-26 17:46:37] local.ERROR: Call to a member function reviews() on null {"userId":613,"exception":"[object] (Error(code: 0): Call to a member function reviews() on null at C:\\Works\\irhebo\\irhebo-backend\\app\\Http\\Resources\\RequestDetailsResource.php:33)
[stacktrace]
#0 C:\\Works\\irhebo\\irhebo-backend\\vendor\\laravel\\framework\\src\\Illuminate\\Http\\Resources\\Json\\JsonResource.php(108): App\\Http\\Resources\\RequestDetailsResource->toArray(Object(Illuminate\\Http\\Request))
#1 C:\\Works\\irhebo\\irhebo-backend\\vendor\\laravel\\framework\\src\\Illuminate\\Http\\Resources\\Json\\JsonResource.php(255): Illuminate\\Http\\Resources\\Json\\JsonResource->resolve(Object(Illuminate\\Http\\Request))
#2 [internal function]: Illuminate\\Http\\Resources\\Json\\JsonResource->jsonSerialize()
#3 C:\\Works\\irhebo\\irhebo-backend\\vendor\\laravel\\framework\\src\\Illuminate\\Http\\JsonResponse.php(86): json_encode(Array, 0)
#4 C:\\Works\\irhebo\\irhebo-backend\\vendor\\symfony\\http-foundation\\JsonResponse.php(49): Illuminate\\Http\\JsonResponse->setData(Array)
#5 C:\\Works\\irhebo\\irhebo-backend\\vendor\\laravel\\framework\\src\\Illuminate\\Http\\JsonResponse.php(32): Symfony\\Component\\HttpFoundation\\JsonResponse->__construct(Array, 200, Array, false)
#6 C:\\Works\\irhebo\\irhebo-backend\\vendor\\laravel\\framework\\src\\Illuminate\\Routing\\ResponseFactory.php(102): Illuminate\\Http\\JsonResponse->__construct(Array, 200, Array, 0)
#7 C:\\Works\\irhebo\\irhebo-backend\\app\\Traits\\BaseResponse.php(21): Illuminate\\Routing\\ResponseFactory->json(Array, 200)
#8 C:\\Works\\irhebo\\irhebo-backend\\app\\Http\\Controllers\\Api\\RequestController.php(149): App\\Http\\Controllers\\Controller->successResponse('\\xD8\\xAA\\xD9\\x85 \\xD8\\xA7\\xD9\\x84\\xD8\\xAA\\xD9\\x86\\xD9\\x81...', Object(App\\Http\\Resources\\RequestDetailsResource))
#9 C:\\Works\\irhebo\\irhebo-backend\\vendor\\laravel\\framework\\src\\Illuminate\\Routing\\ControllerDispatcher.php(47): App\\Http\\Controllers\\Api\\RequestController->requestDetails('433')
#10 C:\\Works\\irhebo\\irhebo-backend\\vendor\\laravel\\framework\\src\\Illuminate\\Routing\\Route.php(266): Illuminate\\Routing\\ControllerDispatcher->dispatch(Object(Illuminate\\Routing\\Route), Object(App\\Http\\Controllers\\Api\\RequestController), 'requestDetails')
#11 C:\\Works\\irhebo\\irhebo-backend\\vendor\\laravel\\framework\\src\\Illuminate\\Routing\\Route.php(212): Illuminate\\Routing\\Route->runController()
#12 C:\\Works\\irhebo\\irhebo-backend\\vendor\\laravel\\framework\\src\\Illuminate\\Routing\\Router.php(808): Illuminate\\Routing\\Route->run()
#13 C:\\Works\\irhebo\\irhebo-backend\\vendor\\laravel\\framework\\src\\Illuminate\\Pipeline\\Pipeline.php(144): Illuminate\\Routing\\Router->Illuminate\\Routing\\{closure}(Object(Illuminate\\Http\\Request))
#14 C:\\Works\\irhebo\\irhebo-backend\\app\\Http\\Middleware\\SetLocaleFromHeader.php(25): Illuminate\\Pipeline\\Pipeline->Illuminate\\Pipeline\\{closure}(Object(Illuminate\\Http\\Request))
#15 C:\\Works\\irhebo\\irhebo-backend\\vendor\\laravel\\framework\\src\\Illuminate\\Pipeline\\Pipeline.php(183): App\\Http\\Middleware\\SetLocaleFromHeader->handle(Object(Illuminate\\Http\\Request), Object(Closure))
#16 C:\\Works\\irhebo\\irhebo-backend\\vendor\\laravel\\framework\\src\\Illuminate\\Routing\\Middleware\\SubstituteBindings.php(51): Illuminate\\Pipeline\\Pipeline->Illuminate\\Pipeline\\{closure}(Object(Illuminate\\Http\\Request))
#17 C:\\Works\\irhebo\\irhebo-backend\\vendor\\laravel\\framework\\src\\Illuminate\\Pipeline\\Pipeline.php(183): Illuminate\\Routing\\Middleware\\SubstituteBindings->handle(Object(Illuminate\\Http\\Request), Object(Closure))
#18 C:\\Works\\irhebo\\irhebo-backend\\vendor\\laravel\\framework\\src\\Illuminate\\Auth\\Middleware\\Authenticate.php(64): Illuminate\\Pipeline\\Pipeline->Illuminate\\Pipeline\\{closure}(Object(Illuminate\\Http\\Request))
#19 C:\\Works\\irhebo\\irhebo-backend\\vendor\\laravel\\framework\\src\\Illuminate\\Pipeline\\Pipeline.php(183): Illuminate\\Auth\\Middleware\\Authenticate->handle(Object(Illuminate\\Http\\Request), Object(Closure), 'api')
#20 C:\\Works\\irhebo\\irhebo-backend\\vendor\\laravel\\framework\\src\\Illuminate\\Pipeline\\Pipeline.php(119): Illuminate\\Pipeline\\Pipeline->Illuminate\\Pipeline\\{closure}(Object(Illuminate\\Http\\Request))
#21 C:\\Works\\irhebo\\irhebo-backend\\vendor\\laravel\\framework\\src\\Illuminate\\Routing\\Router.php(807): Illuminate\\Pipeline\\Pipeline->then(Object(Closure))
#22 C:\\Works\\irhebo\\irhebo-backend\\vendor\\laravel\\framework\\src\\Illuminate\\Routing\\Router.php(786): Illuminate\\Routing\\Router->runRouteWithinStack(Object(Illuminate\\Routing\\Route), Object(Illuminate\\Http\\Request))
#23 C:\\Works\\irhebo\\irhebo-backend\\vendor\\laravel\\framework\\src\\Illuminate\\Routing\\Router.php(750): Illuminate\\Routing\\Router->runRoute(Object(Illuminate\\Http\\Request), Object(Illuminate\\Routing\\Route))
#24 C:\\Works\\irhebo\\irhebo-backend\\vendor\\laravel\\framework\\src\\Illuminate\\Routing\\Router.php(739): Illuminate\\Routing\\Router->dispatchToRoute(Object(Illuminate\\Http\\Request))
#25 C:\\Works\\irhebo\\irhebo-backend\\vendor\\laravel\\framework\\src\\Illuminate\\Foundation\\Http\\Kernel.php(201): Illuminate\\Routing\\Router->dispatch(Object(Illuminate\\Http\\Request))
#26 C:\\Works\\irhebo\\irhebo-backend\\vendor\\laravel\\framework\\src\\Illuminate\\Pipeline\\Pipeline.php(144): Illuminate\\Foundation\\Http\\Kernel->Illuminate\\Foundation\\Http\\{closure}(Object(Illuminate\\Http\\Request))
#27 C:\\Works\\irhebo\\irhebo-backend\\vendor\\proengsoft\\laravel-jsvalidation\\src\\RemoteValidationMiddleware.php(61): Illuminate\\Pipeline\\Pipeline->Illuminate\\Pipeline\\{closure}(Object(Illuminate\\Http\\Request))
#28 C:\\Works\\irhebo\\irhebo-backend\\vendor\\laravel\\framework\\src\\Illuminate\\Pipeline\\Pipeline.php(183): Proengsoft\\JsValidation\\RemoteValidationMiddleware->handle(Object(Illuminate\\Http\\Request), Object(Closure))
#29 C:\\Works\\irhebo\\irhebo-backend\\vendor\\laravel\\framework\\src\\Illuminate\\Foundation\\Http\\Middleware\\TransformsRequest.php(21): Illuminate\\Pipeline\\Pipeline->Illuminate\\Pipeline\\{closure}(Object(Illuminate\\Http\\Request))
#30 C:\\Works\\irhebo\\irhebo-backend\\vendor\\laravel\\framework\\src\\Illuminate\\Foundation\\Http\\Middleware\\ConvertEmptyStringsToNull.php(31): Illuminate\\Foundation\\Http\\Middleware\\TransformsRequest->handle(Object(Illuminate\\Http\\Request), Object(Closure))
#31 C:\\Works\\irhebo\\irhebo-backend\\vendor\\laravel\\framework\\src\\Illuminate\\Pipeline\\Pipeline.php(183): Illuminate\\Foundation\\Http\\Middleware\\ConvertEmptyStringsToNull->handle(Object(Illuminate\\Http\\Request), Object(Closure))
#32 C:\\Works\\irhebo\\irhebo-backend\\vendor\\laravel\\framework\\src\\Illuminate\\Foundation\\Http\\Middleware\\TransformsRequest.php(21): Illuminate\\Pipeline\\Pipeline->Illuminate\\Pipeline\\{closure}(Object(Illuminate\\Http\\Request))
#33 C:\\Works\\irhebo\\irhebo-backend\\vendor\\laravel\\framework\\src\\Illuminate\\Foundation\\Http\\Middleware\\TrimStrings.php(51): Illuminate\\Foundation\\Http\\Middleware\\TransformsRequest->handle(Object(Illuminate\\Http\\Request), Object(Closure))
#34 C:\\Works\\irhebo\\irhebo-backend\\vendor\\laravel\\framework\\src\\Illuminate\\Pipeline\\Pipeline.php(183): Illuminate\\Foundation\\Http\\Middleware\\TrimStrings->handle(Object(Illuminate\\Http\\Request), Object(Closure))
#35 C:\\Works\\irhebo\\irhebo-backend\\vendor\\laravel\\framework\\src\\Illuminate\\Http\\Middleware\\ValidatePostSize.php(27): Illuminate\\Pipeline\\Pipeline->Illuminate\\Pipeline\\{closure}(Object(Illuminate\\Http\\Request))
#36 C:\\Works\\irhebo\\irhebo-backend\\vendor\\laravel\\framework\\src\\Illuminate\\Pipeline\\Pipeline.php(183): Illuminate\\Http\\Middleware\\ValidatePostSize->handle(Object(Illuminate\\Http\\Request), Object(Closure))
#37 C:\\Works\\irhebo\\irhebo-backend\\vendor\\laravel\\framework\\src\\Illuminate\\Foundation\\Http\\Middleware\\PreventRequestsDuringMaintenance.php(110): Illuminate\\Pipeline\\Pipeline->Illuminate\\Pipeline\\{closure}(Object(Illuminate\\Http\\Request))
#38 C:\\Works\\irhebo\\irhebo-backend\\vendor\\laravel\\framework\\src\\Illuminate\\Pipeline\\Pipeline.php(183): Illuminate\\Foundation\\Http\\Middleware\\PreventRequestsDuringMaintenance->handle(Object(Illuminate\\Http\\Request), Object(Closure))
#39 C:\\Works\\irhebo\\irhebo-backend\\vendor\\laravel\\framework\\src\\Illuminate\\Http\\Middleware\\HandleCors.php(62): Illuminate\\Pipeline\\Pipeline->Illuminate\\Pipeline\\{closure}(Object(Illuminate\\Http\\Request))
#40 C:\\Works\\irhebo\\irhebo-backend\\vendor\\laravel\\framework\\src\\Illuminate\\Pipeline\\Pipeline.php(183): Illuminate\\Http\\Middleware\\HandleCors->handle(Object(Illuminate\\Http\\Request), Object(Closure))
#41 C:\\Works\\irhebo\\irhebo-backend\\vendor\\laravel\\framework\\src\\Illuminate\\Http\\Middleware\\TrustProxies.php(58): Illuminate\\Pipeline\\Pipeline->Illuminate\\Pipeline\\{closure}(Object(Illuminate\\Http\\Request))
#42 C:\\Works\\irhebo\\irhebo-backend\\vendor\\laravel\\framework\\src\\Illuminate\\Pipeline\\Pipeline.php(183): Illuminate\\Http\\Middleware\\TrustProxies->handle(Object(Illuminate\\Http\\Request), Object(Closure))
#43 C:\\Works\\irhebo\\irhebo-backend\\vendor\\laravel\\framework\\src\\Illuminate\\Foundation\\Http\\Middleware\\InvokeDeferredCallbacks.php(22): Illuminate\\Pipeline\\Pipeline->Illuminate\\Pipeline\\{closure}(Object(Illuminate\\Http\\Request))
#44 C:\\Works\\irhebo\\irhebo-backend\\vendor\\laravel\\framework\\src\\Illuminate\\Pipeline\\Pipeline.php(183): Illuminate\\Foundation\\Http\\Middleware\\InvokeDeferredCallbacks->handle(Object(Illuminate\\Http\\Request), Object(Closure))
#45 C:\\Works\\irhebo\\irhebo-backend\\vendor\\laravel\\framework\\src\\Illuminate\\Pipeline\\Pipeline.php(119): Illuminate\\Pipeline\\Pipeline->Illuminate\\Pipeline\\{closure}(Object(Illuminate\\Http\\Request))
#46 C:\\Works\\irhebo\\irhebo-backend\\vendor\\laravel\\framework\\src\\Illuminate\\Foundation\\Http\\Kernel.php(176): Illuminate\\Pipeline\\Pipeline->then(Object(Closure))
#47 C:\\Works\\irhebo\\irhebo-backend\\vendor\\laravel\\framework\\src\\Illuminate\\Foundation\\Http\\Kernel.php(145): Illuminate\\Foundation\\Http\\Kernel->sendRequestThroughRouter(Object(Illuminate\\Http\\Request))
#48 C:\\Works\\irhebo\\irhebo-backend\\vendor\\laravel\\framework\\src\\Illuminate\\Foundation\\Application.php(1190): Illuminate\\Foundation\\Http\\Kernel->handle(Object(Illuminate\\Http\\Request))
#49 C:\\Works\\irhebo\\irhebo-backend\\public\\index.php(17): Illuminate\\Foundation\\Application->handleRequest(Object(Illuminate\\Http\\Request))
#50 C:\\Works\\irhebo\\irhebo-backend\\vendor\\laravel\\framework\\src\\Illuminate\\Foundation\\resources\\server.php(23): require_once('C:\\\\Works\\\\irhebo...')
#51 {main}
"} 
[2026-01-26 18:31:16] local.ERROR: The resource owner or authorization server denied the request. {"exception":"[object] (League\\OAuth2\\Server\\Exception\\OAuthServerException(code: 9): The resource owner or authorization server denied the request. at C:\\Works\\irhebo\\irhebo-backend\\vendor\\league\\oauth2-server\\src\\Exception\\OAuthServerException.php:243)
[stacktrace]
#0 C:\\Works\\irhebo\\irhebo-backend\\vendor\\league\\oauth2-server\\src\\AuthorizationValidators\\BearerTokenValidator.php(123): League\\OAuth2\\Server\\Exception\\OAuthServerException::accessDenied('Access token ha...')
#1 C:\\Works\\irhebo\\irhebo-backend\\vendor\\league\\oauth2-server\\src\\ResourceServer.php(84): League\\OAuth2\\Server\\AuthorizationValidators\\BearerTokenValidator->validateAuthorization(Object(Nyholm\\Psr7\\ServerRequest))
#2 C:\\Works\\irhebo\\irhebo-backend\\vendor\\laravel\\passport\\src\\Guards\\TokenGuard.php(232): League\\OAuth2\\Server\\ResourceServer->validateAuthenticatedRequest(Object(Nyholm\\Psr7\\ServerRequest))
#3 C:\\Works\\irhebo\\irhebo-backend\\vendor\\laravel\\passport\\src\\Guards\\TokenGuard.php(178): Laravel\\Passport\\Guards\\TokenGuard->getPsrRequestViaBearerToken(Object(Illuminate\\Http\\Request))
#4 C:\\Works\\irhebo\\irhebo-backend\\vendor\\laravel\\passport\\src\\Guards\\TokenGuard.php(120): Laravel\\Passport\\Guards\\TokenGuard->authenticateViaBearerToken(Object(Illuminate\\Http\\Request))
#5 C:\\Works\\irhebo\\irhebo-backend\\vendor\\laravel\\framework\\src\\Illuminate\\Auth\\GuardHelpers.php(76): Laravel\\Passport\\Guards\\TokenGuard->user()
#6 C:\\Works\\irhebo\\irhebo-backend\\app\\Traits\\BlockFilterTrait.php(13): Laravel\\Passport\\Guards\\TokenGuard->id()
#7 C:\\Works\\irhebo\\irhebo-backend\\vendor\\laravel\\framework\\src\\Illuminate\\Database\\Eloquent\\Builder.php(1429): App\\Models\\Service::App\\Traits\\{closure}(Object(Illuminate\\Database\\Eloquent\\Builder))
#8 C:\\Works\\irhebo\\irhebo-backend\\vendor\\laravel\\framework\\src\\Illuminate\\Database\\Eloquent\\Builder.php(1463): Illuminate\\Database\\Eloquent\\Builder->Illuminate\\Database\\Eloquent\\{closure}(Object(Illuminate\\Database\\Eloquent\\Builder))
#9 C:\\Works\\irhebo\\irhebo-backend\\vendor\\laravel\\framework\\src\\Illuminate\\Database\\Eloquent\\Builder.php(1424): Illuminate\\Database\\Eloquent\\Builder->callScope(Object(Closure))
#10 C:\\Works\\irhebo\\irhebo-backend\\vendor\\laravel\\framework\\src\\Illuminate\\Database\\Eloquent\\Builder.php(738): Illuminate\\Database\\Eloquent\\Builder->applyScopes()
#11 C:\\Works\\irhebo\\irhebo-backend\\app\\Traits\\PaginateTrait.php(11): Illuminate\\Database\\Eloquent\\Builder->get()
#12 C:\\Works\\irhebo\\irhebo-backend\\app\\Repositories\\Eloquents\\ServiceRepository.php(42): App\\Repositories\\Eloquents\\ServiceRepository->paginate(Object(Illuminate\\Database\\Eloquent\\Builder), NULL)
#13 C:\\Works\\irhebo\\irhebo-backend\\app\\Services\\ServiceService.php(22): App\\Repositories\\Eloquents\\ServiceRepository->getAllActive()
#14 C:\\Works\\irhebo\\irhebo-backend\\app\\Http\\Controllers\\Api\\ServiceController.php(52): App\\Services\\ServiceService->getAllActive(15)
#15 C:\\Works\\irhebo\\irhebo-backend\\vendor\\laravel\\framework\\src\\Illuminate\\Routing\\ControllerDispatcher.php(47): App\\Http\\Controllers\\Api\\ServiceController->getBySubCategory(Object(App\\Http\\Requests\\Api\\GetServicesBySubCategoryRequest))
#16 C:\\Works\\irhebo\\irhebo-backend\\vendor\\laravel\\framework\\src\\Illuminate\\Routing\\Route.php(266): Illuminate\\Routing\\ControllerDispatcher->dispatch(Object(Illuminate\\Routing\\Route), Object(App\\Http\\Controllers\\Api\\ServiceController), 'getBySubCategor...')
#17 C:\\Works\\irhebo\\irhebo-backend\\vendor\\laravel\\framework\\src\\Illuminate\\Routing\\Route.php(212): Illuminate\\Routing\\Route->runController()
#18 C:\\Works\\irhebo\\irhebo-backend\\vendor\\laravel\\framework\\src\\Illuminate\\Routing\\Router.php(808): Illuminate\\Routing\\Route->run()
#19 C:\\Works\\irhebo\\irhebo-backend\\vendor\\laravel\\framework\\src\\Illuminate\\Pipeline\\Pipeline.php(144): Illuminate\\Routing\\Router->Illuminate\\Routing\\{closure}(Object(Illuminate\\Http\\Request))
#20 C:\\Works\\irhebo\\irhebo-backend\\app\\Http\\Middleware\\SetLocaleFromHeader.php(25): Illuminate\\Pipeline\\Pipeline->Illuminate\\Pipeline\\{closure}(Object(Illuminate\\Http\\Request))
#21 C:\\Works\\irhebo\\irhebo-backend\\vendor\\laravel\\framework\\src\\Illuminate\\Pipeline\\Pipeline.php(183): App\\Http\\Middleware\\SetLocaleFromHeader->handle(Object(Illuminate\\Http\\Request), Object(Closure))
#22 C:\\Works\\irhebo\\irhebo-backend\\vendor\\laravel\\framework\\src\\Illuminate\\Routing\\Middleware\\SubstituteBindings.php(51): Illuminate\\Pipeline\\Pipeline->Illuminate\\Pipeline\\{closure}(Object(Illuminate\\Http\\Request))
#23 C:\\Works\\irhebo\\irhebo-backend\\vendor\\laravel\\framework\\src\\Illuminate\\Pipeline\\Pipeline.php(183): Illuminate\\Routing\\Middleware\\SubstituteBindings->handle(Object(Illuminate\\Http\\Request), Object(Closure))
#24 C:\\Works\\irhebo\\irhebo-backend\\vendor\\laravel\\framework\\src\\Illuminate\\Pipeline\\Pipeline.php(119): Illuminate\\Pipeline\\Pipeline->Illuminate\\Pipeline\\{closure}(Object(Illuminate\\Http\\Request))
#25 C:\\Works\\irhebo\\irhebo-backend\\vendor\\laravel\\framework\\src\\Illuminate\\Routing\\Router.php(807): Illuminate\\Pipeline\\Pipeline->then(Object(Closure))
#26 C:\\Works\\irhebo\\irhebo-backend\\vendor\\laravel\\framework\\src\\Illuminate\\Routing\\Router.php(786): Illuminate\\Routing\\Router->runRouteWithinStack(Object(Illuminate\\Routing\\Route), Object(Illuminate\\Http\\Request))
#27 C:\\Works\\irhebo\\irhebo-backend\\vendor\\laravel\\framework\\src\\Illuminate\\Routing\\Router.php(750): Illuminate\\Routing\\Router->runRoute(Object(Illuminate\\Http\\Request), Object(Illuminate\\Routing\\Route))
#28 C:\\Works\\irhebo\\irhebo-backend\\vendor\\laravel\\framework\\src\\Illuminate\\Routing\\Router.php(739): Illuminate\\Routing\\Router->dispatchToRoute(Object(Illuminate\\Http\\Request))
#29 C:\\Works\\irhebo\\irhebo-backend\\vendor\\laravel\\framework\\src\\Illuminate\\Foundation\\Http\\Kernel.php(201): Illuminate\\Routing\\Router->dispatch(Object(Illuminate\\Http\\Request))
#30 C:\\Works\\irhebo\\irhebo-backend\\vendor\\laravel\\framework\\src\\Illuminate\\Pipeline\\Pipeline.php(144): Illuminate\\Foundation\\Http\\Kernel->Illuminate\\Foundation\\Http\\{closure}(Object(Illuminate\\Http\\Request))
#31 C:\\Works\\irhebo\\irhebo-backend\\vendor\\proengsoft\\laravel-jsvalidation\\src\\RemoteValidationMiddleware.php(61): Illuminate\\Pipeline\\Pipeline->Illuminate\\Pipeline\\{closure}(Object(Illuminate\\Http\\Request))
#32 C:\\Works\\irhebo\\irhebo-backend\\vendor\\laravel\\framework\\src\\Illuminate\\Pipeline\\Pipeline.php(183): Proengsoft\\JsValidation\\RemoteValidationMiddleware->handle(Object(Illuminate\\Http\\Request), Object(Closure))
#33 C:\\Works\\irhebo\\irhebo-backend\\vendor\\laravel\\framework\\src\\Illuminate\\Foundation\\Http\\Middleware\\TransformsRequest.php(21): Illuminate\\Pipeline\\Pipeline->Illuminate\\Pipeline\\{closure}(Object(Illuminate\\Http\\Request))
#34 C:\\Works\\irhebo\\irhebo-backend\\vendor\\laravel\\framework\\src\\Illuminate\\Foundation\\Http\\Middleware\\ConvertEmptyStringsToNull.php(31): Illuminate\\Foundation\\Http\\Middleware\\TransformsRequest->handle(Object(Illuminate\\Http\\Request), Object(Closure))
#35 C:\\Works\\irhebo\\irhebo-backend\\vendor\\laravel\\framework\\src\\Illuminate\\Pipeline\\Pipeline.php(183): Illuminate\\Foundation\\Http\\Middleware\\ConvertEmptyStringsToNull->handle(Object(Illuminate\\Http\\Request), Object(Closure))
#36 C:\\Works\\irhebo\\irhebo-backend\\vendor\\laravel\\framework\\src\\Illuminate\\Foundation\\Http\\Middleware\\TransformsRequest.php(21): Illuminate\\Pipeline\\Pipeline->Illuminate\\Pipeline\\{closure}(Object(Illuminate\\Http\\Request))
#37 C:\\Works\\irhebo\\irhebo-backend\\vendor\\laravel\\framework\\src\\Illuminate\\Foundation\\Http\\Middleware\\TrimStrings.php(51): Illuminate\\Foundation\\Http\\Middleware\\TransformsRequest->handle(Object(Illuminate\\Http\\Request), Object(Closure))
#38 C:\\Works\\irhebo\\irhebo-backend\\vendor\\laravel\\framework\\src\\Illuminate\\Pipeline\\Pipeline.php(183): Illuminate\\Foundation\\Http\\Middleware\\TrimStrings->handle(Object(Illuminate\\Http\\Request), Object(Closure))
#39 C:\\Works\\irhebo\\irhebo-backend\\vendor\\laravel\\framework\\src\\Illuminate\\Http\\Middleware\\ValidatePostSize.php(27): Illuminate\\Pipeline\\Pipeline->Illuminate\\Pipeline\\{closure}(Object(Illuminate\\Http\\Request))
#40 C:\\Works\\irhebo\\irhebo-backend\\vendor\\laravel\\framework\\src\\Illuminate\\Pipeline\\Pipeline.php(183): Illuminate\\Http\\Middleware\\ValidatePostSize->handle(Object(Illuminate\\Http\\Request), Object(Closure))
#41 C:\\Works\\irhebo\\irhebo-backend\\vendor\\laravel\\framework\\src\\Illuminate\\Foundation\\Http\\Middleware\\PreventRequestsDuringMaintenance.php(110): Illuminate\\Pipeline\\Pipeline->Illuminate\\Pipeline\\{closure}(Object(Illuminate\\Http\\Request))
#42 C:\\Works\\irhebo\\irhebo-backend\\vendor\\laravel\\framework\\src\\Illuminate\\Pipeline\\Pipeline.php(183): Illuminate\\Foundation\\Http\\Middleware\\PreventRequestsDuringMaintenance->handle(Object(Illuminate\\Http\\Request), Object(Closure))
#43 C:\\Works\\irhebo\\irhebo-backend\\vendor\\laravel\\framework\\src\\Illuminate\\Http\\Middleware\\HandleCors.php(62): Illuminate\\Pipeline\\Pipeline->Illuminate\\Pipeline\\{closure}(Object(Illuminate\\Http\\Request))
#44 C:\\Works\\irhebo\\irhebo-backend\\vendor\\laravel\\framework\\src\\Illuminate\\Pipeline\\Pipeline.php(183): Illuminate\\Http\\Middleware\\HandleCors->handle(Object(Illuminate\\Http\\Request), Object(Closure))
#45 C:\\Works\\irhebo\\irhebo-backend\\vendor\\laravel\\framework\\src\\Illuminate\\Http\\Middleware\\TrustProxies.php(58): Illuminate\\Pipeline\\Pipeline->Illuminate\\Pipeline\\{closure}(Object(Illuminate\\Http\\Request))
#46 C:\\Works\\irhebo\\irhebo-backend\\vendor\\laravel\\framework\\src\\Illuminate\\Pipeline\\Pipeline.php(183): Illuminate\\Http\\Middleware\\TrustProxies->handle(Object(Illuminate\\Http\\Request), Object(Closure))
#47 C:\\Works\\irhebo\\irhebo-backend\\vendor\\laravel\\framework\\src\\Illuminate\\Foundation\\Http\\Middleware\\InvokeDeferredCallbacks.php(22): Illuminate\\Pipeline\\Pipeline->Illuminate\\Pipeline\\{closure}(Object(Illuminate\\Http\\Request))
#48 C:\\Works\\irhebo\\irhebo-backend\\vendor\\laravel\\framework\\src\\Illuminate\\Pipeline\\Pipeline.php(183): Illuminate\\Foundation\\Http\\Middleware\\InvokeDeferredCallbacks->handle(Object(Illuminate\\Http\\Request), Object(Closure))
#49 C:\\Works\\irhebo\\irhebo-backend\\vendor\\laravel\\framework\\src\\Illuminate\\Pipeline\\Pipeline.php(119): Illuminate\\Pipeline\\Pipeline->Illuminate\\Pipeline\\{closure}(Object(Illuminate\\Http\\Request))
#50 C:\\Works\\irhebo\\irhebo-backend\\vendor\\laravel\\framework\\src\\Illuminate\\Foundation\\Http\\Kernel.php(176): Illuminate\\Pipeline\\Pipeline->then(Object(Closure))
#51 C:\\Works\\irhebo\\irhebo-backend\\vendor\\laravel\\framework\\src\\Illuminate\\Foundation\\Http\\Kernel.php(145): Illuminate\\Foundation\\Http\\Kernel->sendRequestThroughRouter(Object(Illuminate\\Http\\Request))
#52 C:\\Works\\irhebo\\irhebo-backend\\vendor\\laravel\\framework\\src\\Illuminate\\Foundation\\Application.php(1190): Illuminate\\Foundation\\Http\\Kernel->handle(Object(Illuminate\\Http\\Request))
#53 C:\\Works\\irhebo\\irhebo-backend\\public\\index.php(17): Illuminate\\Foundation\\Application->handleRequest(Object(Illuminate\\Http\\Request))
#54 C:\\Works\\irhebo\\irhebo-backend\\vendor\\laravel\\framework\\src\\Illuminate\\Foundation\\resources\\server.php(23): require_once('C:\\\\Works\\\\irhebo...')
#55 {main}
"} 
[2026-01-26 18:31:33] local.ERROR: The resource owner or authorization server denied the request. {"exception":"[object] (League\\OAuth2\\Server\\Exception\\OAuthServerException(code: 9): The resource owner or authorization server denied the request. at C:\\Works\\irhebo\\irhebo-backend\\vendor\\league\\oauth2-server\\src\\Exception\\OAuthServerException.php:243)
[stacktrace]
#0 C:\\Works\\irhebo\\irhebo-backend\\vendor\\league\\oauth2-server\\src\\AuthorizationValidators\\BearerTokenValidator.php(123): League\\OAuth2\\Server\\Exception\\OAuthServerException::accessDenied('Access token ha...')
#1 C:\\Works\\irhebo\\irhebo-backend\\vendor\\league\\oauth2-server\\src\\ResourceServer.php(84): League\\OAuth2\\Server\\AuthorizationValidators\\BearerTokenValidator->validateAuthorization(Object(Nyholm\\Psr7\\ServerRequest))
#2 C:\\Works\\irhebo\\irhebo-backend\\vendor\\laravel\\passport\\src\\Guards\\TokenGuard.php(232): League\\OAuth2\\Server\\ResourceServer->validateAuthenticatedRequest(Object(Nyholm\\Psr7\\ServerRequest))
#3 C:\\Works\\irhebo\\irhebo-backend\\vendor\\laravel\\passport\\src\\Guards\\TokenGuard.php(178): Laravel\\Passport\\Guards\\TokenGuard->getPsrRequestViaBearerToken(Object(Illuminate\\Http\\Request))
#4 C:\\Works\\irhebo\\irhebo-backend\\vendor\\laravel\\passport\\src\\Guards\\TokenGuard.php(120): Laravel\\Passport\\Guards\\TokenGuard->authenticateViaBearerToken(Object(Illuminate\\Http\\Request))
#5 C:\\Works\\irhebo\\irhebo-backend\\vendor\\laravel\\framework\\src\\Illuminate\\Auth\\GuardHelpers.php(76): Laravel\\Passport\\Guards\\TokenGuard->user()
#6 C:\\Works\\irhebo\\irhebo-backend\\app\\Traits\\BlockFilterTrait.php(13): Laravel\\Passport\\Guards\\TokenGuard->id()
#7 C:\\Works\\irhebo\\irhebo-backend\\vendor\\laravel\\framework\\src\\Illuminate\\Database\\Eloquent\\Builder.php(1429): App\\Models\\Service::App\\Traits\\{closure}(Object(Illuminate\\Database\\Eloquent\\Builder))
#8 C:\\Works\\irhebo\\irhebo-backend\\vendor\\laravel\\framework\\src\\Illuminate\\Database\\Eloquent\\Builder.php(1463): Illuminate\\Database\\Eloquent\\Builder->Illuminate\\Database\\Eloquent\\{closure}(Object(Illuminate\\Database\\Eloquent\\Builder))
#9 C:\\Works\\irhebo\\irhebo-backend\\vendor\\laravel\\framework\\src\\Illuminate\\Database\\Eloquent\\Builder.php(1424): Illuminate\\Database\\Eloquent\\Builder->callScope(Object(Closure))
#10 C:\\Works\\irhebo\\irhebo-backend\\vendor\\laravel\\framework\\src\\Illuminate\\Database\\Eloquent\\Builder.php(738): Illuminate\\Database\\Eloquent\\Builder->applyScopes()
#11 C:\\Works\\irhebo\\irhebo-backend\\vendor\\laravel\\framework\\src\\Illuminate\\Database\\Concerns\\BuildsQueries.php(344): Illuminate\\Database\\Eloquent\\Builder->get(Array)
#12 C:\\Works\\irhebo\\irhebo-backend\\vendor\\laravel\\framework\\src\\Illuminate\\Database\\Eloquent\\Builder.php(461): Illuminate\\Database\\Eloquent\\Builder->first(Array)
#13 C:\\Works\\irhebo\\irhebo-backend\\app\\Repositories\\Eloquents\\ServiceRepository.php(114): Illuminate\\Database\\Eloquent\\Builder->find('423')
#14 C:\\Works\\irhebo\\irhebo-backend\\app\\Services\\ServiceService.php(69): App\\Repositories\\Eloquents\\ServiceRepository->getServiceDetails('423')
#15 C:\\Works\\irhebo\\irhebo-backend\\app\\Http\\Controllers\\Api\\ServiceController.php(113): App\\Services\\ServiceService->getServiceDetails('423')
#16 C:\\Works\\irhebo\\irhebo-backend\\vendor\\laravel\\framework\\src\\Illuminate\\Routing\\ControllerDispatcher.php(47): App\\Http\\Controllers\\Api\\ServiceController->serviceDetails(Object(Illuminate\\Http\\Request), '423')
#17 C:\\Works\\irhebo\\irhebo-backend\\vendor\\laravel\\framework\\src\\Illuminate\\Routing\\Route.php(266): Illuminate\\Routing\\ControllerDispatcher->dispatch(Object(Illuminate\\Routing\\Route), Object(App\\Http\\Controllers\\Api\\ServiceController), 'serviceDetails')
#18 C:\\Works\\irhebo\\irhebo-backend\\vendor\\laravel\\framework\\src\\Illuminate\\Routing\\Route.php(212): Illuminate\\Routing\\Route->runController()
#19 C:\\Works\\irhebo\\irhebo-backend\\vendor\\laravel\\framework\\src\\Illuminate\\Routing\\Router.php(808): Illuminate\\Routing\\Route->run()
#20 C:\\Works\\irhebo\\irhebo-backend\\vendor\\laravel\\framework\\src\\Illuminate\\Pipeline\\Pipeline.php(144): Illuminate\\Routing\\Router->Illuminate\\Routing\\{closure}(Object(Illuminate\\Http\\Request))
#21 C:\\Works\\irhebo\\irhebo-backend\\app\\Http\\Middleware\\SetLocaleFromHeader.php(25): Illuminate\\Pipeline\\Pipeline->Illuminate\\Pipeline\\{closure}(Object(Illuminate\\Http\\Request))
#22 C:\\Works\\irhebo\\irhebo-backend\\vendor\\laravel\\framework\\src\\Illuminate\\Pipeline\\Pipeline.php(183): App\\Http\\Middleware\\SetLocaleFromHeader->handle(Object(Illuminate\\Http\\Request), Object(Closure))
#23 C:\\Works\\irhebo\\irhebo-backend\\vendor\\laravel\\framework\\src\\Illuminate\\Routing\\Middleware\\SubstituteBindings.php(51): Illuminate\\Pipeline\\Pipeline->Illuminate\\Pipeline\\{closure}(Object(Illuminate\\Http\\Request))
#24 C:\\Works\\irhebo\\irhebo-backend\\vendor\\laravel\\framework\\src\\Illuminate\\Pipeline\\Pipeline.php(183): Illuminate\\Routing\\Middleware\\SubstituteBindings->handle(Object(Illuminate\\Http\\Request), Object(Closure))
#25 C:\\Works\\irhebo\\irhebo-backend\\vendor\\laravel\\framework\\src\\Illuminate\\Pipeline\\Pipeline.php(119): Illuminate\\Pipeline\\Pipeline->Illuminate\\Pipeline\\{closure}(Object(Illuminate\\Http\\Request))
#26 C:\\Works\\irhebo\\irhebo-backend\\vendor\\laravel\\framework\\src\\Illuminate\\Routing\\Router.php(807): Illuminate\\Pipeline\\Pipeline->then(Object(Closure))
#27 C:\\Works\\irhebo\\irhebo-backend\\vendor\\laravel\\framework\\src\\Illuminate\\Routing\\Router.php(786): Illuminate\\Routing\\Router->runRouteWithinStack(Object(Illuminate\\Routing\\Route), Object(Illuminate\\Http\\Request))
#28 C:\\Works\\irhebo\\irhebo-backend\\vendor\\laravel\\framework\\src\\Illuminate\\Routing\\Router.php(750): Illuminate\\Routing\\Router->runRoute(Object(Illuminate\\Http\\Request), Object(Illuminate\\Routing\\Route))
#29 C:\\Works\\irhebo\\irhebo-backend\\vendor\\laravel\\framework\\src\\Illuminate\\Routing\\Router.php(739): Illuminate\\Routing\\Router->dispatchToRoute(Object(Illuminate\\Http\\Request))
#30 C:\\Works\\irhebo\\irhebo-backend\\vendor\\laravel\\framework\\src\\Illuminate\\Foundation\\Http\\Kernel.php(201): Illuminate\\Routing\\Router->dispatch(Object(Illuminate\\Http\\Request))
#31 C:\\Works\\irhebo\\irhebo-backend\\vendor\\laravel\\framework\\src\\Illuminate\\Pipeline\\Pipeline.php(144): Illuminate\\Foundation\\Http\\Kernel->Illuminate\\Foundation\\Http\\{closure}(Object(Illuminate\\Http\\Request))
#32 C:\\Works\\irhebo\\irhebo-backend\\vendor\\proengsoft\\laravel-jsvalidation\\src\\RemoteValidationMiddleware.php(61): Illuminate\\Pipeline\\Pipeline->Illuminate\\Pipeline\\{closure}(Object(Illuminate\\Http\\Request))
#33 C:\\Works\\irhebo\\irhebo-backend\\vendor\\laravel\\framework\\src\\Illuminate\\Pipeline\\Pipeline.php(183): Proengsoft\\JsValidation\\RemoteValidationMiddleware->handle(Object(Illuminate\\Http\\Request), Object(Closure))
#34 C:\\Works\\irhebo\\irhebo-backend\\vendor\\laravel\\framework\\src\\Illuminate\\Foundation\\Http\\Middleware\\TransformsRequest.php(21): Illuminate\\Pipeline\\Pipeline->Illuminate\\Pipeline\\{closure}(Object(Illuminate\\Http\\Request))
#35 C:\\Works\\irhebo\\irhebo-backend\\vendor\\laravel\\framework\\src\\Illuminate\\Foundation\\Http\\Middleware\\ConvertEmptyStringsToNull.php(31): Illuminate\\Foundation\\Http\\Middleware\\TransformsRequest->handle(Object(Illuminate\\Http\\Request), Object(Closure))
#36 C:\\Works\\irhebo\\irhebo-backend\\vendor\\laravel\\framework\\src\\Illuminate\\Pipeline\\Pipeline.php(183): Illuminate\\Foundation\\Http\\Middleware\\ConvertEmptyStringsToNull->handle(Object(Illuminate\\Http\\Request), Object(Closure))
#37 C:\\Works\\irhebo\\irhebo-backend\\vendor\\laravel\\framework\\src\\Illuminate\\Foundation\\Http\\Middleware\\TransformsRequest.php(21): Illuminate\\Pipeline\\Pipeline->Illuminate\\Pipeline\\{closure}(Object(Illuminate\\Http\\Request))
#38 C:\\Works\\irhebo\\irhebo-backend\\vendor\\laravel\\framework\\src\\Illuminate\\Foundation\\Http\\Middleware\\TrimStrings.php(51): Illuminate\\Foundation\\Http\\Middleware\\TransformsRequest->handle(Object(Illuminate\\Http\\Request), Object(Closure))
#39 C:\\Works\\irhebo\\irhebo-backend\\vendor\\laravel\\framework\\src\\Illuminate\\Pipeline\\Pipeline.php(183): Illuminate\\Foundation\\Http\\Middleware\\TrimStrings->handle(Object(Illuminate\\Http\\Request), Object(Closure))
#40 C:\\Works\\irhebo\\irhebo-backend\\vendor\\laravel\\framework\\src\\Illuminate\\Http\\Middleware\\ValidatePostSize.php(27): Illuminate\\Pipeline\\Pipeline->Illuminate\\Pipeline\\{closure}(Object(Illuminate\\Http\\Request))
#41 C:\\Works\\irhebo\\irhebo-backend\\vendor\\laravel\\framework\\src\\Illuminate\\Pipeline\\Pipeline.php(183): Illuminate\\Http\\Middleware\\ValidatePostSize->handle(Object(Illuminate\\Http\\Request), Object(Closure))
#42 C:\\Works\\irhebo\\irhebo-backend\\vendor\\laravel\\framework\\src\\Illuminate\\Foundation\\Http\\Middleware\\PreventRequestsDuringMaintenance.php(110): Illuminate\\Pipeline\\Pipeline->Illuminate\\Pipeline\\{closure}(Object(Illuminate\\Http\\Request))
#43 C:\\Works\\irhebo\\irhebo-backend\\vendor\\laravel\\framework\\src\\Illuminate\\Pipeline\\Pipeline.php(183): Illuminate\\Foundation\\Http\\Middleware\\PreventRequestsDuringMaintenance->handle(Object(Illuminate\\Http\\Request), Object(Closure))
#44 C:\\Works\\irhebo\\irhebo-backend\\vendor\\laravel\\framework\\src\\Illuminate\\Http\\Middleware\\HandleCors.php(62): Illuminate\\Pipeline\\Pipeline->Illuminate\\Pipeline\\{closure}(Object(Illuminate\\Http\\Request))
#45 C:\\Works\\irhebo\\irhebo-backend\\vendor\\laravel\\framework\\src\\Illuminate\\Pipeline\\Pipeline.php(183): Illuminate\\Http\\Middleware\\HandleCors->handle(Object(Illuminate\\Http\\Request), Object(Closure))
#46 C:\\Works\\irhebo\\irhebo-backend\\vendor\\laravel\\framework\\src\\Illuminate\\Http\\Middleware\\TrustProxies.php(58): Illuminate\\Pipeline\\Pipeline->Illuminate\\Pipeline\\{closure}(Object(Illuminate\\Http\\Request))
#47 C:\\Works\\irhebo\\irhebo-backend\\vendor\\laravel\\framework\\src\\Illuminate\\Pipeline\\Pipeline.php(183): Illuminate\\Http\\Middleware\\TrustProxies->handle(Object(Illuminate\\Http\\Request), Object(Closure))
#48 C:\\Works\\irhebo\\irhebo-backend\\vendor\\laravel\\framework\\src\\Illuminate\\Foundation\\Http\\Middleware\\InvokeDeferredCallbacks.php(22): Illuminate\\Pipeline\\Pipeline->Illuminate\\Pipeline\\{closure}(Object(Illuminate\\Http\\Request))
#49 C:\\Works\\irhebo\\irhebo-backend\\vendor\\laravel\\framework\\src\\Illuminate\\Pipeline\\Pipeline.php(183): Illuminate\\Foundation\\Http\\Middleware\\InvokeDeferredCallbacks->handle(Object(Illuminate\\Http\\Request), Object(Closure))
#50 C:\\Works\\irhebo\\irhebo-backend\\vendor\\laravel\\framework\\src\\Illuminate\\Pipeline\\Pipeline.php(119): Illuminate\\Pipeline\\Pipeline->Illuminate\\Pipeline\\{closure}(Object(Illuminate\\Http\\Request))
#51 C:\\Works\\irhebo\\irhebo-backend\\vendor\\laravel\\framework\\src\\Illuminate\\Foundation\\Http\\Kernel.php(176): Illuminate\\Pipeline\\Pipeline->then(Object(Closure))
#52 C:\\Works\\irhebo\\irhebo-backend\\vendor\\laravel\\framework\\src\\Illuminate\\Foundation\\Http\\Kernel.php(145): Illuminate\\Foundation\\Http\\Kernel->sendRequestThroughRouter(Object(Illuminate\\Http\\Request))
#53 C:\\Works\\irhebo\\irhebo-backend\\vendor\\laravel\\framework\\src\\Illuminate\\Foundation\\Application.php(1190): Illuminate\\Foundation\\Http\\Kernel->handle(Object(Illuminate\\Http\\Request))
#54 C:\\Works\\irhebo\\irhebo-backend\\public\\index.php(17): Illuminate\\Foundation\\Application->handleRequest(Object(Illuminate\\Http\\Request))
#55 C:\\Works\\irhebo\\irhebo-backend\\vendor\\laravel\\framework\\src\\Illuminate\\Foundation\\resources\\server.php(23): require_once('C:\\\\Works\\\\irhebo...')
#56 {main}
"} 
[2026-01-26 18:31:51] local.ERROR: The resource owner or authorization server denied the request. {"exception":"[object] (League\\OAuth2\\Server\\Exception\\OAuthServerException(code: 9): The resource owner or authorization server denied the request. at C:\\Works\\irhebo\\irhebo-backend\\vendor\\league\\oauth2-server\\src\\Exception\\OAuthServerException.php:243)
[stacktrace]
#0 C:\\Works\\irhebo\\irhebo-backend\\vendor\\league\\oauth2-server\\src\\AuthorizationValidators\\BearerTokenValidator.php(123): League\\OAuth2\\Server\\Exception\\OAuthServerException::accessDenied('Access token ha...')
#1 C:\\Works\\irhebo\\irhebo-backend\\vendor\\league\\oauth2-server\\src\\ResourceServer.php(84): League\\OAuth2\\Server\\AuthorizationValidators\\BearerTokenValidator->validateAuthorization(Object(Nyholm\\Psr7\\ServerRequest))
#2 C:\\Works\\irhebo\\irhebo-backend\\vendor\\laravel\\passport\\src\\Guards\\TokenGuard.php(232): League\\OAuth2\\Server\\ResourceServer->validateAuthenticatedRequest(Object(Nyholm\\Psr7\\ServerRequest))
#3 C:\\Works\\irhebo\\irhebo-backend\\vendor\\laravel\\passport\\src\\Guards\\TokenGuard.php(178): Laravel\\Passport\\Guards\\TokenGuard->getPsrRequestViaBearerToken(Object(Illuminate\\Http\\Request))
#4 C:\\Works\\irhebo\\irhebo-backend\\vendor\\laravel\\passport\\src\\Guards\\TokenGuard.php(120): Laravel\\Passport\\Guards\\TokenGuard->authenticateViaBearerToken(Object(Illuminate\\Http\\Request))
#5 C:\\Works\\irhebo\\irhebo-backend\\vendor\\laravel\\framework\\src\\Illuminate\\Auth\\GuardHelpers.php(76): Laravel\\Passport\\Guards\\TokenGuard->user()
#6 C:\\Works\\irhebo\\irhebo-backend\\app\\Traits\\BlockFilterTrait.php(13): Laravel\\Passport\\Guards\\TokenGuard->id()
#7 C:\\Works\\irhebo\\irhebo-backend\\vendor\\laravel\\framework\\src\\Illuminate\\Database\\Eloquent\\Builder.php(1429): App\\Models\\Service::App\\Traits\\{closure}(Object(Illuminate\\Database\\Eloquent\\Builder))
#8 C:\\Works\\irhebo\\irhebo-backend\\vendor\\laravel\\framework\\src\\Illuminate\\Database\\Eloquent\\Builder.php(1463): Illuminate\\Database\\Eloquent\\Builder->Illuminate\\Database\\Eloquent\\{closure}(Object(Illuminate\\Database\\Eloquent\\Builder))
#9 C:\\Works\\irhebo\\irhebo-backend\\vendor\\laravel\\framework\\src\\Illuminate\\Database\\Eloquent\\Builder.php(1424): Illuminate\\Database\\Eloquent\\Builder->callScope(Object(Closure))
#10 C:\\Works\\irhebo\\irhebo-backend\\vendor\\laravel\\framework\\src\\Illuminate\\Database\\Eloquent\\Builder.php(738): Illuminate\\Database\\Eloquent\\Builder->applyScopes()
#11 C:\\Works\\irhebo\\irhebo-backend\\vendor\\laravel\\framework\\src\\Illuminate\\Database\\Concerns\\BuildsQueries.php(344): Illuminate\\Database\\Eloquent\\Builder->get(Array)
#12 C:\\Works\\irhebo\\irhebo-backend\\vendor\\laravel\\framework\\src\\Illuminate\\Database\\Eloquent\\Builder.php(461): Illuminate\\Database\\Eloquent\\Builder->first(Array)
#13 C:\\Works\\irhebo\\irhebo-backend\\app\\Repositories\\Eloquents\\ServiceRepository.php(114): Illuminate\\Database\\Eloquent\\Builder->find('412')
#14 C:\\Works\\irhebo\\irhebo-backend\\app\\Services\\ServiceService.php(69): App\\Repositories\\Eloquents\\ServiceRepository->getServiceDetails('412')
#15 C:\\Works\\irhebo\\irhebo-backend\\app\\Http\\Controllers\\Api\\ServiceController.php(113): App\\Services\\ServiceService->getServiceDetails('412')
#16 C:\\Works\\irhebo\\irhebo-backend\\vendor\\laravel\\framework\\src\\Illuminate\\Routing\\ControllerDispatcher.php(47): App\\Http\\Controllers\\Api\\ServiceController->serviceDetails(Object(Illuminate\\Http\\Request), '412')
#17 C:\\Works\\irhebo\\irhebo-backend\\vendor\\laravel\\framework\\src\\Illuminate\\Routing\\Route.php(266): Illuminate\\Routing\\ControllerDispatcher->dispatch(Object(Illuminate\\Routing\\Route), Object(App\\Http\\Controllers\\Api\\ServiceController), 'serviceDetails')
#18 C:\\Works\\irhebo\\irhebo-backend\\vendor\\laravel\\framework\\src\\Illuminate\\Routing\\Route.php(212): Illuminate\\Routing\\Route->runController()
#19 C:\\Works\\irhebo\\irhebo-backend\\vendor\\laravel\\framework\\src\\Illuminate\\Routing\\Router.php(808): Illuminate\\Routing\\Route->run()
#20 C:\\Works\\irhebo\\irhebo-backend\\vendor\\laravel\\framework\\src\\Illuminate\\Pipeline\\Pipeline.php(144): Illuminate\\Routing\\Router->Illuminate\\Routing\\{closure}(Object(Illuminate\\Http\\Request))
#21 C:\\Works\\irhebo\\irhebo-backend\\app\\Http\\Middleware\\SetLocaleFromHeader.php(25): Illuminate\\Pipeline\\Pipeline->Illuminate\\Pipeline\\{closure}(Object(Illuminate\\Http\\Request))
#22 C:\\Works\\irhebo\\irhebo-backend\\vendor\\laravel\\framework\\src\\Illuminate\\Pipeline\\Pipeline.php(183): App\\Http\\Middleware\\SetLocaleFromHeader->handle(Object(Illuminate\\Http\\Request), Object(Closure))
#23 C:\\Works\\irhebo\\irhebo-backend\\vendor\\laravel\\framework\\src\\Illuminate\\Routing\\Middleware\\SubstituteBindings.php(51): Illuminate\\Pipeline\\Pipeline->Illuminate\\Pipeline\\{closure}(Object(Illuminate\\Http\\Request))
#24 C:\\Works\\irhebo\\irhebo-backend\\vendor\\laravel\\framework\\src\\Illuminate\\Pipeline\\Pipeline.php(183): Illuminate\\Routing\\Middleware\\SubstituteBindings->handle(Object(Illuminate\\Http\\Request), Object(Closure))
#25 C:\\Works\\irhebo\\irhebo-backend\\vendor\\laravel\\framework\\src\\Illuminate\\Pipeline\\Pipeline.php(119): Illuminate\\Pipeline\\Pipeline->Illuminate\\Pipeline\\{closure}(Object(Illuminate\\Http\\Request))
#26 C:\\Works\\irhebo\\irhebo-backend\\vendor\\laravel\\framework\\src\\Illuminate\\Routing\\Router.php(807): Illuminate\\Pipeline\\Pipeline->then(Object(Closure))
#27 C:\\Works\\irhebo\\irhebo-backend\\vendor\\laravel\\framework\\src\\Illuminate\\Routing\\Router.php(786): Illuminate\\Routing\\Router->runRouteWithinStack(Object(Illuminate\\Routing\\Route), Object(Illuminate\\Http\\Request))
#28 C:\\Works\\irhebo\\irhebo-backend\\vendor\\laravel\\framework\\src\\Illuminate\\Routing\\Router.php(750): Illuminate\\Routing\\Router->runRoute(Object(Illuminate\\Http\\Request), Object(Illuminate\\Routing\\Route))
#29 C:\\Works\\irhebo\\irhebo-backend\\vendor\\laravel\\framework\\src\\Illuminate\\Routing\\Router.php(739): Illuminate\\Routing\\Router->dispatchToRoute(Object(Illuminate\\Http\\Request))
#30 C:\\Works\\irhebo\\irhebo-backend\\vendor\\laravel\\framework\\src\\Illuminate\\Foundation\\Http\\Kernel.php(201): Illuminate\\Routing\\Router->dispatch(Object(Illuminate\\Http\\Request))
#31 C:\\Works\\irhebo\\irhebo-backend\\vendor\\laravel\\framework\\src\\Illuminate\\Pipeline\\Pipeline.php(144): Illuminate\\Foundation\\Http\\Kernel->Illuminate\\Foundation\\Http\\{closure}(Object(Illuminate\\Http\\Request))
#32 C:\\Works\\irhebo\\irhebo-backend\\vendor\\proengsoft\\laravel-jsvalidation\\src\\RemoteValidationMiddleware.php(61): Illuminate\\Pipeline\\Pipeline->Illuminate\\Pipeline\\{closure}(Object(Illuminate\\Http\\Request))
#33 C:\\Works\\irhebo\\irhebo-backend\\vendor\\laravel\\framework\\src\\Illuminate\\Pipeline\\Pipeline.php(183): Proengsoft\\JsValidation\\RemoteValidationMiddleware->handle(Object(Illuminate\\Http\\Request), Object(Closure))
#34 C:\\Works\\irhebo\\irhebo-backend\\vendor\\laravel\\framework\\src\\Illuminate\\Foundation\\Http\\Middleware\\TransformsRequest.php(21): Illuminate\\Pipeline\\Pipeline->Illuminate\\Pipeline\\{closure}(Object(Illuminate\\Http\\Request))
#35 C:\\Works\\irhebo\\irhebo-backend\\vendor\\laravel\\framework\\src\\Illuminate\\Foundation\\Http\\Middleware\\ConvertEmptyStringsToNull.php(31): Illuminate\\Foundation\\Http\\Middleware\\TransformsRequest->handle(Object(Illuminate\\Http\\Request), Object(Closure))
#36 C:\\Works\\irhebo\\irhebo-backend\\vendor\\laravel\\framework\\src\\Illuminate\\Pipeline\\Pipeline.php(183): Illuminate\\Foundation\\Http\\Middleware\\ConvertEmptyStringsToNull->handle(Object(Illuminate\\Http\\Request), Object(Closure))
#37 C:\\Works\\irhebo\\irhebo-backend\\vendor\\laravel\\framework\\src\\Illuminate\\Foundation\\Http\\Middleware\\TransformsRequest.php(21): Illuminate\\Pipeline\\Pipeline->Illuminate\\Pipeline\\{closure}(Object(Illuminate\\Http\\Request))
#38 C:\\Works\\irhebo\\irhebo-backend\\vendor\\laravel\\framework\\src\\Illuminate\\Foundation\\Http\\Middleware\\TrimStrings.php(51): Illuminate\\Foundation\\Http\\Middleware\\TransformsRequest->handle(Object(Illuminate\\Http\\Request), Object(Closure))
#39 C:\\Works\\irhebo\\irhebo-backend\\vendor\\laravel\\framework\\src\\Illuminate\\Pipeline\\Pipeline.php(183): Illuminate\\Foundation\\Http\\Middleware\\TrimStrings->handle(Object(Illuminate\\Http\\Request), Object(Closure))
#40 C:\\Works\\irhebo\\irhebo-backend\\vendor\\laravel\\framework\\src\\Illuminate\\Http\\Middleware\\ValidatePostSize.php(27): Illuminate\\Pipeline\\Pipeline->Illuminate\\Pipeline\\{closure}(Object(Illuminate\\Http\\Request))
#41 C:\\Works\\irhebo\\irhebo-backend\\vendor\\laravel\\framework\\src\\Illuminate\\Pipeline\\Pipeline.php(183): Illuminate\\Http\\Middleware\\ValidatePostSize->handle(Object(Illuminate\\Http\\Request), Object(Closure))
#42 C:\\Works\\irhebo\\irhebo-backend\\vendor\\laravel\\framework\\src\\Illuminate\\Foundation\\Http\\Middleware\\PreventRequestsDuringMaintenance.php(110): Illuminate\\Pipeline\\Pipeline->Illuminate\\Pipeline\\{closure}(Object(Illuminate\\Http\\Request))
#43 C:\\Works\\irhebo\\irhebo-backend\\vendor\\laravel\\framework\\src\\Illuminate\\Pipeline\\Pipeline.php(183): Illuminate\\Foundation\\Http\\Middleware\\PreventRequestsDuringMaintenance->handle(Object(Illuminate\\Http\\Request), Object(Closure))
#44 C:\\Works\\irhebo\\irhebo-backend\\vendor\\laravel\\framework\\src\\Illuminate\\Http\\Middleware\\HandleCors.php(62): Illuminate\\Pipeline\\Pipeline->Illuminate\\Pipeline\\{closure}(Object(Illuminate\\Http\\Request))
#45 C:\\Works\\irhebo\\irhebo-backend\\vendor\\laravel\\framework\\src\\Illuminate\\Pipeline\\Pipeline.php(183): Illuminate\\Http\\Middleware\\HandleCors->handle(Object(Illuminate\\Http\\Request), Object(Closure))
#46 C:\\Works\\irhebo\\irhebo-backend\\vendor\\laravel\\framework\\src\\Illuminate\\Http\\Middleware\\TrustProxies.php(58): Illuminate\\Pipeline\\Pipeline->Illuminate\\Pipeline\\{closure}(Object(Illuminate\\Http\\Request))
#47 C:\\Works\\irhebo\\irhebo-backend\\vendor\\laravel\\framework\\src\\Illuminate\\Pipeline\\Pipeline.php(183): Illuminate\\Http\\Middleware\\TrustProxies->handle(Object(Illuminate\\Http\\Request), Object(Closure))
#48 C:\\Works\\irhebo\\irhebo-backend\\vendor\\laravel\\framework\\src\\Illuminate\\Foundation\\Http\\Middleware\\InvokeDeferredCallbacks.php(22): Illuminate\\Pipeline\\Pipeline->Illuminate\\Pipeline\\{closure}(Object(Illuminate\\Http\\Request))
#49 C:\\Works\\irhebo\\irhebo-backend\\vendor\\laravel\\framework\\src\\Illuminate\\Pipeline\\Pipeline.php(183): Illuminate\\Foundation\\Http\\Middleware\\InvokeDeferredCallbacks->handle(Object(Illuminate\\Http\\Request), Object(Closure))
#50 C:\\Works\\irhebo\\irhebo-backend\\vendor\\laravel\\framework\\src\\Illuminate\\Pipeline\\Pipeline.php(119): Illuminate\\Pipeline\\Pipeline->Illuminate\\Pipeline\\{closure}(Object(Illuminate\\Http\\Request))
#51 C:\\Works\\irhebo\\irhebo-backend\\vendor\\laravel\\framework\\src\\Illuminate\\Foundation\\Http\\Kernel.php(176): Illuminate\\Pipeline\\Pipeline->then(Object(Closure))
#52 C:\\Works\\irhebo\\irhebo-backend\\vendor\\laravel\\framework\\src\\Illuminate\\Foundation\\Http\\Kernel.php(145): Illuminate\\Foundation\\Http\\Kernel->sendRequestThroughRouter(Object(Illuminate\\Http\\Request))
#53 C:\\Works\\irhebo\\irhebo-backend\\vendor\\laravel\\framework\\src\\Illuminate\\Foundation\\Application.php(1190): Illuminate\\Foundation\\Http\\Kernel->handle(Object(Illuminate\\Http\\Request))
#54 C:\\Works\\irhebo\\irhebo-backend\\public\\index.php(17): Illuminate\\Foundation\\Application->handleRequest(Object(Illuminate\\Http\\Request))
#55 C:\\Works\\irhebo\\irhebo-backend\\vendor\\laravel\\framework\\src\\Illuminate\\Foundation\\resources\\server.php(23): require_once('C:\\\\Works\\\\irhebo...')
#56 {main}
"} 
[2026-01-26 18:32:27] local.ERROR: The resource owner or authorization server denied the request. {"exception":"[object] (League\\OAuth2\\Server\\Exception\\OAuthServerException(code: 9): The resource owner or authorization server denied the request. at C:\\Works\\irhebo\\irhebo-backend\\vendor\\league\\oauth2-server\\src\\Exception\\OAuthServerException.php:243)
[stacktrace]
#0 C:\\Works\\irhebo\\irhebo-backend\\vendor\\league\\oauth2-server\\src\\AuthorizationValidators\\BearerTokenValidator.php(123): League\\OAuth2\\Server\\Exception\\OAuthServerException::accessDenied('Access token ha...')
#1 C:\\Works\\irhebo\\irhebo-backend\\vendor\\league\\oauth2-server\\src\\ResourceServer.php(84): League\\OAuth2\\Server\\AuthorizationValidators\\BearerTokenValidator->validateAuthorization(Object(Nyholm\\Psr7\\ServerRequest))
#2 C:\\Works\\irhebo\\irhebo-backend\\vendor\\laravel\\passport\\src\\Guards\\TokenGuard.php(232): League\\OAuth2\\Server\\ResourceServer->validateAuthenticatedRequest(Object(Nyholm\\Psr7\\ServerRequest))
#3 C:\\Works\\irhebo\\irhebo-backend\\vendor\\laravel\\passport\\src\\Guards\\TokenGuard.php(178): Laravel\\Passport\\Guards\\TokenGuard->getPsrRequestViaBearerToken(Object(Illuminate\\Http\\Request))
#4 C:\\Works\\irhebo\\irhebo-backend\\vendor\\laravel\\passport\\src\\Guards\\TokenGuard.php(120): Laravel\\Passport\\Guards\\TokenGuard->authenticateViaBearerToken(Object(Illuminate\\Http\\Request))
#5 C:\\Works\\irhebo\\irhebo-backend\\vendor\\laravel\\framework\\src\\Illuminate\\Auth\\GuardHelpers.php(76): Laravel\\Passport\\Guards\\TokenGuard->user()
#6 C:\\Works\\irhebo\\irhebo-backend\\app\\Traits\\BlockFilterTrait.php(13): Laravel\\Passport\\Guards\\TokenGuard->id()
#7 C:\\Works\\irhebo\\irhebo-backend\\vendor\\laravel\\framework\\src\\Illuminate\\Database\\Eloquent\\Builder.php(1429): App\\Models\\Service::App\\Traits\\{closure}(Object(Illuminate\\Database\\Eloquent\\Builder))
#8 C:\\Works\\irhebo\\irhebo-backend\\vendor\\laravel\\framework\\src\\Illuminate\\Database\\Eloquent\\Builder.php(1463): Illuminate\\Database\\Eloquent\\Builder->Illuminate\\Database\\Eloquent\\{closure}(Object(Illuminate\\Database\\Eloquent\\Builder))
#9 C:\\Works\\irhebo\\irhebo-backend\\vendor\\laravel\\framework\\src\\Illuminate\\Database\\Eloquent\\Builder.php(1424): Illuminate\\Database\\Eloquent\\Builder->callScope(Object(Closure))
#10 C:\\Works\\irhebo\\irhebo-backend\\vendor\\laravel\\framework\\src\\Illuminate\\Database\\Eloquent\\Builder.php(738): Illuminate\\Database\\Eloquent\\Builder->applyScopes()
#11 C:\\Works\\irhebo\\irhebo-backend\\vendor\\laravel\\framework\\src\\Illuminate\\Database\\Concerns\\BuildsQueries.php(344): Illuminate\\Database\\Eloquent\\Builder->get(Array)
#12 C:\\Works\\irhebo\\irhebo-backend\\vendor\\laravel\\framework\\src\\Illuminate\\Database\\Eloquent\\Builder.php(461): Illuminate\\Database\\Eloquent\\Builder->first(Array)
#13 C:\\Works\\irhebo\\irhebo-backend\\app\\Repositories\\Eloquents\\ServiceRepository.php(114): Illuminate\\Database\\Eloquent\\Builder->find('422')
#14 C:\\Works\\irhebo\\irhebo-backend\\app\\Services\\ServiceService.php(69): App\\Repositories\\Eloquents\\ServiceRepository->getServiceDetails('422')
#15 C:\\Works\\irhebo\\irhebo-backend\\app\\Http\\Controllers\\Api\\ServiceController.php(113): App\\Services\\ServiceService->getServiceDetails('422')
#16 C:\\Works\\irhebo\\irhebo-backend\\vendor\\laravel\\framework\\src\\Illuminate\\Routing\\ControllerDispatcher.php(47): App\\Http\\Controllers\\Api\\ServiceController->serviceDetails(Object(Illuminate\\Http\\Request), '422')
#17 C:\\Works\\irhebo\\irhebo-backend\\vendor\\laravel\\framework\\src\\Illuminate\\Routing\\Route.php(266): Illuminate\\Routing\\ControllerDispatcher->dispatch(Object(Illuminate\\Routing\\Route), Object(App\\Http\\Controllers\\Api\\ServiceController), 'serviceDetails')
#18 C:\\Works\\irhebo\\irhebo-backend\\vendor\\laravel\\framework\\src\\Illuminate\\Routing\\Route.php(212): Illuminate\\Routing\\Route->runController()
#19 C:\\Works\\irhebo\\irhebo-backend\\vendor\\laravel\\framework\\src\\Illuminate\\Routing\\Router.php(808): Illuminate\\Routing\\Route->run()
#20 C:\\Works\\irhebo\\irhebo-backend\\vendor\\laravel\\framework\\src\\Illuminate\\Pipeline\\Pipeline.php(144): Illuminate\\Routing\\Router->Illuminate\\Routing\\{closure}(Object(Illuminate\\Http\\Request))
#21 C:\\Works\\irhebo\\irhebo-backend\\app\\Http\\Middleware\\SetLocaleFromHeader.php(25): Illuminate\\Pipeline\\Pipeline->Illuminate\\Pipeline\\{closure}(Object(Illuminate\\Http\\Request))
#22 C:\\Works\\irhebo\\irhebo-backend\\vendor\\laravel\\framework\\src\\Illuminate\\Pipeline\\Pipeline.php(183): App\\Http\\Middleware\\SetLocaleFromHeader->handle(Object(Illuminate\\Http\\Request), Object(Closure))
#23 C:\\Works\\irhebo\\irhebo-backend\\vendor\\laravel\\framework\\src\\Illuminate\\Routing\\Middleware\\SubstituteBindings.php(51): Illuminate\\Pipeline\\Pipeline->Illuminate\\Pipeline\\{closure}(Object(Illuminate\\Http\\Request))
#24 C:\\Works\\irhebo\\irhebo-backend\\vendor\\laravel\\framework\\src\\Illuminate\\Pipeline\\Pipeline.php(183): Illuminate\\Routing\\Middleware\\SubstituteBindings->handle(Object(Illuminate\\Http\\Request), Object(Closure))
#25 C:\\Works\\irhebo\\irhebo-backend\\vendor\\laravel\\framework\\src\\Illuminate\\Pipeline\\Pipeline.php(119): Illuminate\\Pipeline\\Pipeline->Illuminate\\Pipeline\\{closure}(Object(Illuminate\\Http\\Request))
#26 C:\\Works\\irhebo\\irhebo-backend\\vendor\\laravel\\framework\\src\\Illuminate\\Routing\\Router.php(807): Illuminate\\Pipeline\\Pipeline->then(Object(Closure))
#27 C:\\Works\\irhebo\\irhebo-backend\\vendor\\laravel\\framework\\src\\Illuminate\\Routing\\Router.php(786): Illuminate\\Routing\\Router->runRouteWithinStack(Object(Illuminate\\Routing\\Route), Object(Illuminate\\Http\\Request))
#28 C:\\Works\\irhebo\\irhebo-backend\\vendor\\laravel\\framework\\src\\Illuminate\\Routing\\Router.php(750): Illuminate\\Routing\\Router->runRoute(Object(Illuminate\\Http\\Request), Object(Illuminate\\Routing\\Route))
#29 C:\\Works\\irhebo\\irhebo-backend\\vendor\\laravel\\framework\\src\\Illuminate\\Routing\\Router.php(739): Illuminate\\Routing\\Router->dispatchToRoute(Object(Illuminate\\Http\\Request))
#30 C:\\Works\\irhebo\\irhebo-backend\\vendor\\laravel\\framework\\src\\Illuminate\\Foundation\\Http\\Kernel.php(201): Illuminate\\Routing\\Router->dispatch(Object(Illuminate\\Http\\Request))
#31 C:\\Works\\irhebo\\irhebo-backend\\vendor\\laravel\\framework\\src\\Illuminate\\Pipeline\\Pipeline.php(144): Illuminate\\Foundation\\Http\\Kernel->Illuminate\\Foundation\\Http\\{closure}(Object(Illuminate\\Http\\Request))
#32 C:\\Works\\irhebo\\irhebo-backend\\vendor\\proengsoft\\laravel-jsvalidation\\src\\RemoteValidationMiddleware.php(61): Illuminate\\Pipeline\\Pipeline->Illuminate\\Pipeline\\{closure}(Object(Illuminate\\Http\\Request))
#33 C:\\Works\\irhebo\\irhebo-backend\\vendor\\laravel\\framework\\src\\Illuminate\\Pipeline\\Pipeline.php(183): Proengsoft\\JsValidation\\RemoteValidationMiddleware->handle(Object(Illuminate\\Http\\Request), Object(Closure))
#34 C:\\Works\\irhebo\\irhebo-backend\\vendor\\laravel\\framework\\src\\Illuminate\\Foundation\\Http\\Middleware\\TransformsRequest.php(21): Illuminate\\Pipeline\\Pipeline->Illuminate\\Pipeline\\{closure}(Object(Illuminate\\Http\\Request))
#35 C:\\Works\\irhebo\\irhebo-backend\\vendor\\laravel\\framework\\src\\Illuminate\\Foundation\\Http\\Middleware\\ConvertEmptyStringsToNull.php(31): Illuminate\\Foundation\\Http\\Middleware\\TransformsRequest->handle(Object(Illuminate\\Http\\Request), Object(Closure))
#36 C:\\Works\\irhebo\\irhebo-backend\\vendor\\laravel\\framework\\src\\Illuminate\\Pipeline\\Pipeline.php(183): Illuminate\\Foundation\\Http\\Middleware\\ConvertEmptyStringsToNull->handle(Object(Illuminate\\Http\\Request), Object(Closure))
#37 C:\\Works\\irhebo\\irhebo-backend\\vendor\\laravel\\framework\\src\\Illuminate\\Foundation\\Http\\Middleware\\TransformsRequest.php(21): Illuminate\\Pipeline\\Pipeline->Illuminate\\Pipeline\\{closure}(Object(Illuminate\\Http\\Request))
#38 C:\\Works\\irhebo\\irhebo-backend\\vendor\\laravel\\framework\\src\\Illuminate\\Foundation\\Http\\Middleware\\TrimStrings.php(51): Illuminate\\Foundation\\Http\\Middleware\\TransformsRequest->handle(Object(Illuminate\\Http\\Request), Object(Closure))
#39 C:\\Works\\irhebo\\irhebo-backend\\vendor\\laravel\\framework\\src\\Illuminate\\Pipeline\\Pipeline.php(183): Illuminate\\Foundation\\Http\\Middleware\\TrimStrings->handle(Object(Illuminate\\Http\\Request), Object(Closure))
#40 C:\\Works\\irhebo\\irhebo-backend\\vendor\\laravel\\framework\\src\\Illuminate\\Http\\Middleware\\ValidatePostSize.php(27): Illuminate\\Pipeline\\Pipeline->Illuminate\\Pipeline\\{closure}(Object(Illuminate\\Http\\Request))
#41 C:\\Works\\irhebo\\irhebo-backend\\vendor\\laravel\\framework\\src\\Illuminate\\Pipeline\\Pipeline.php(183): Illuminate\\Http\\Middleware\\ValidatePostSize->handle(Object(Illuminate\\Http\\Request), Object(Closure))
#42 C:\\Works\\irhebo\\irhebo-backend\\vendor\\laravel\\framework\\src\\Illuminate\\Foundation\\Http\\Middleware\\PreventRequestsDuringMaintenance.php(110): Illuminate\\Pipeline\\Pipeline->Illuminate\\Pipeline\\{closure}(Object(Illuminate\\Http\\Request))
#43 C:\\Works\\irhebo\\irhebo-backend\\vendor\\laravel\\framework\\src\\Illuminate\\Pipeline\\Pipeline.php(183): Illuminate\\Foundation\\Http\\Middleware\\PreventRequestsDuringMaintenance->handle(Object(Illuminate\\Http\\Request), Object(Closure))
#44 C:\\Works\\irhebo\\irhebo-backend\\vendor\\laravel\\framework\\src\\Illuminate\\Http\\Middleware\\HandleCors.php(62): Illuminate\\Pipeline\\Pipeline->Illuminate\\Pipeline\\{closure}(Object(Illuminate\\Http\\Request))
#45 C:\\Works\\irhebo\\irhebo-backend\\vendor\\laravel\\framework\\src\\Illuminate\\Pipeline\\Pipeline.php(183): Illuminate\\Http\\Middleware\\HandleCors->handle(Object(Illuminate\\Http\\Request), Object(Closure))
#46 C:\\Works\\irhebo\\irhebo-backend\\vendor\\laravel\\framework\\src\\Illuminate\\Http\\Middleware\\TrustProxies.php(58): Illuminate\\Pipeline\\Pipeline->Illuminate\\Pipeline\\{closure}(Object(Illuminate\\Http\\Request))
#47 C:\\Works\\irhebo\\irhebo-backend\\vendor\\laravel\\framework\\src\\Illuminate\\Pipeline\\Pipeline.php(183): Illuminate\\Http\\Middleware\\TrustProxies->handle(Object(Illuminate\\Http\\Request), Object(Closure))
#48 C:\\Works\\irhebo\\irhebo-backend\\vendor\\laravel\\framework\\src\\Illuminate\\Foundation\\Http\\Middleware\\InvokeDeferredCallbacks.php(22): Illuminate\\Pipeline\\Pipeline->Illuminate\\Pipeline\\{closure}(Object(Illuminate\\Http\\Request))
#49 C:\\Works\\irhebo\\irhebo-backend\\vendor\\laravel\\framework\\src\\Illuminate\\Pipeline\\Pipeline.php(183): Illuminate\\Foundation\\Http\\Middleware\\InvokeDeferredCallbacks->handle(Object(Illuminate\\Http\\Request), Object(Closure))
#50 C:\\Works\\irhebo\\irhebo-backend\\vendor\\laravel\\framework\\src\\Illuminate\\Pipeline\\Pipeline.php(119): Illuminate\\Pipeline\\Pipeline->Illuminate\\Pipeline\\{closure}(Object(Illuminate\\Http\\Request))
#51 C:\\Works\\irhebo\\irhebo-backend\\vendor\\laravel\\framework\\src\\Illuminate\\Foundation\\Http\\Kernel.php(176): Illuminate\\Pipeline\\Pipeline->then(Object(Closure))
#52 C:\\Works\\irhebo\\irhebo-backend\\vendor\\laravel\\framework\\src\\Illuminate\\Foundation\\Http\\Kernel.php(145): Illuminate\\Foundation\\Http\\Kernel->sendRequestThroughRouter(Object(Illuminate\\Http\\Request))
#53 C:\\Works\\irhebo\\irhebo-backend\\vendor\\laravel\\framework\\src\\Illuminate\\Foundation\\Application.php(1190): Illuminate\\Foundation\\Http\\Kernel->handle(Object(Illuminate\\Http\\Request))
#54 C:\\Works\\irhebo\\irhebo-backend\\public\\index.php(17): Illuminate\\Foundation\\Application->handleRequest(Object(Illuminate\\Http\\Request))
#55 C:\\Works\\irhebo\\irhebo-backend\\vendor\\laravel\\framework\\src\\Illuminate\\Foundation\\resources\\server.php(23): require_once('C:\\\\Works\\\\irhebo...')
#56 {main}
"} 
[2026-01-26 18:32:38] local.ERROR: The resource owner or authorization server denied the request. {"exception":"[object] (League\\OAuth2\\Server\\Exception\\OAuthServerException(code: 9): The resource owner or authorization server denied the request. at C:\\Works\\irhebo\\irhebo-backend\\vendor\\league\\oauth2-server\\src\\Exception\\OAuthServerException.php:243)
[stacktrace]
#0 C:\\Works\\irhebo\\irhebo-backend\\vendor\\league\\oauth2-server\\src\\AuthorizationValidators\\BearerTokenValidator.php(123): League\\OAuth2\\Server\\Exception\\OAuthServerException::accessDenied('Access token ha...')
#1 C:\\Works\\irhebo\\irhebo-backend\\vendor\\league\\oauth2-server\\src\\ResourceServer.php(84): League\\OAuth2\\Server\\AuthorizationValidators\\BearerTokenValidator->validateAuthorization(Object(Nyholm\\Psr7\\ServerRequest))
#2 C:\\Works\\irhebo\\irhebo-backend\\vendor\\laravel\\passport\\src\\Guards\\TokenGuard.php(232): League\\OAuth2\\Server\\ResourceServer->validateAuthenticatedRequest(Object(Nyholm\\Psr7\\ServerRequest))
#3 C:\\Works\\irhebo\\irhebo-backend\\vendor\\laravel\\passport\\src\\Guards\\TokenGuard.php(178): Laravel\\Passport\\Guards\\TokenGuard->getPsrRequestViaBearerToken(Object(Illuminate\\Http\\Request))
#4 C:\\Works\\irhebo\\irhebo-backend\\vendor\\laravel\\passport\\src\\Guards\\TokenGuard.php(120): Laravel\\Passport\\Guards\\TokenGuard->authenticateViaBearerToken(Object(Illuminate\\Http\\Request))
#5 C:\\Works\\irhebo\\irhebo-backend\\vendor\\laravel\\framework\\src\\Illuminate\\Auth\\GuardHelpers.php(76): Laravel\\Passport\\Guards\\TokenGuard->user()
#6 C:\\Works\\irhebo\\irhebo-backend\\app\\Traits\\BlockFilterTrait.php(13): Laravel\\Passport\\Guards\\TokenGuard->id()
#7 C:\\Works\\irhebo\\irhebo-backend\\vendor\\laravel\\framework\\src\\Illuminate\\Database\\Eloquent\\Builder.php(1429): App\\Models\\Service::App\\Traits\\{closure}(Object(Illuminate\\Database\\Eloquent\\Builder))
#8 C:\\Works\\irhebo\\irhebo-backend\\vendor\\laravel\\framework\\src\\Illuminate\\Database\\Eloquent\\Builder.php(1463): Illuminate\\Database\\Eloquent\\Builder->Illuminate\\Database\\Eloquent\\{closure}(Object(Illuminate\\Database\\Eloquent\\Builder))
#9 C:\\Works\\irhebo\\irhebo-backend\\vendor\\laravel\\framework\\src\\Illuminate\\Database\\Eloquent\\Builder.php(1424): Illuminate\\Database\\Eloquent\\Builder->callScope(Object(Closure))
#10 C:\\Works\\irhebo\\irhebo-backend\\vendor\\laravel\\framework\\src\\Illuminate\\Database\\Eloquent\\Builder.php(738): Illuminate\\Database\\Eloquent\\Builder->applyScopes()
#11 C:\\Works\\irhebo\\irhebo-backend\\vendor\\laravel\\framework\\src\\Illuminate\\Database\\Concerns\\BuildsQueries.php(344): Illuminate\\Database\\Eloquent\\Builder->get(Array)
#12 C:\\Works\\irhebo\\irhebo-backend\\vendor\\laravel\\framework\\src\\Illuminate\\Database\\Eloquent\\Builder.php(461): Illuminate\\Database\\Eloquent\\Builder->first(Array)
#13 C:\\Works\\irhebo\\irhebo-backend\\app\\Repositories\\Eloquents\\ServiceRepository.php(114): Illuminate\\Database\\Eloquent\\Builder->find('423')
#14 C:\\Works\\irhebo\\irhebo-backend\\app\\Services\\ServiceService.php(69): App\\Repositories\\Eloquents\\ServiceRepository->getServiceDetails('423')
#15 C:\\Works\\irhebo\\irhebo-backend\\app\\Http\\Controllers\\Api\\ServiceController.php(113): App\\Services\\ServiceService->getServiceDetails('423')
#16 C:\\Works\\irhebo\\irhebo-backend\\vendor\\laravel\\framework\\src\\Illuminate\\Routing\\ControllerDispatcher.php(47): App\\Http\\Controllers\\Api\\ServiceController->serviceDetails(Object(Illuminate\\Http\\Request), '423')
#17 C:\\Works\\irhebo\\irhebo-backend\\vendor\\laravel\\framework\\src\\Illuminate\\Routing\\Route.php(266): Illuminate\\Routing\\ControllerDispatcher->dispatch(Object(Illuminate\\Routing\\Route), Object(App\\Http\\Controllers\\Api\\ServiceController), 'serviceDetails')
#18 C:\\Works\\irhebo\\irhebo-backend\\vendor\\laravel\\framework\\src\\Illuminate\\Routing\\Route.php(212): Illuminate\\Routing\\Route->runController()
#19 C:\\Works\\irhebo\\irhebo-backend\\vendor\\laravel\\framework\\src\\Illuminate\\Routing\\Router.php(808): Illuminate\\Routing\\Route->run()
#20 C:\\Works\\irhebo\\irhebo-backend\\vendor\\laravel\\framework\\src\\Illuminate\\Pipeline\\Pipeline.php(144): Illuminate\\Routing\\Router->Illuminate\\Routing\\{closure}(Object(Illuminate\\Http\\Request))
#21 C:\\Works\\irhebo\\irhebo-backend\\app\\Http\\Middleware\\SetLocaleFromHeader.php(25): Illuminate\\Pipeline\\Pipeline->Illuminate\\Pipeline\\{closure}(Object(Illuminate\\Http\\Request))
#22 C:\\Works\\irhebo\\irhebo-backend\\vendor\\laravel\\framework\\src\\Illuminate\\Pipeline\\Pipeline.php(183): App\\Http\\Middleware\\SetLocaleFromHeader->handle(Object(Illuminate\\Http\\Request), Object(Closure))
#23 C:\\Works\\irhebo\\irhebo-backend\\vendor\\laravel\\framework\\src\\Illuminate\\Routing\\Middleware\\SubstituteBindings.php(51): Illuminate\\Pipeline\\Pipeline->Illuminate\\Pipeline\\{closure}(Object(Illuminate\\Http\\Request))
#24 C:\\Works\\irhebo\\irhebo-backend\\vendor\\laravel\\framework\\src\\Illuminate\\Pipeline\\Pipeline.php(183): Illuminate\\Routing\\Middleware\\SubstituteBindings->handle(Object(Illuminate\\Http\\Request), Object(Closure))
#25 C:\\Works\\irhebo\\irhebo-backend\\vendor\\laravel\\framework\\src\\Illuminate\\Pipeline\\Pipeline.php(119): Illuminate\\Pipeline\\Pipeline->Illuminate\\Pipeline\\{closure}(Object(Illuminate\\Http\\Request))
#26 C:\\Works\\irhebo\\irhebo-backend\\vendor\\laravel\\framework\\src\\Illuminate\\Routing\\Router.php(807): Illuminate\\Pipeline\\Pipeline->then(Object(Closure))
#27 C:\\Works\\irhebo\\irhebo-backend\\vendor\\laravel\\framework\\src\\Illuminate\\Routing\\Router.php(786): Illuminate\\Routing\\Router->runRouteWithinStack(Object(Illuminate\\Routing\\Route), Object(Illuminate\\Http\\Request))
#28 C:\\Works\\irhebo\\irhebo-backend\\vendor\\laravel\\framework\\src\\Illuminate\\Routing\\Router.php(750): Illuminate\\Routing\\Router->runRoute(Object(Illuminate\\Http\\Request), Object(Illuminate\\Routing\\Route))
#29 C:\\Works\\irhebo\\irhebo-backend\\vendor\\laravel\\framework\\src\\Illuminate\\Routing\\Router.php(739): Illuminate\\Routing\\Router->dispatchToRoute(Object(Illuminate\\Http\\Request))
#30 C:\\Works\\irhebo\\irhebo-backend\\vendor\\laravel\\framework\\src\\Illuminate\\Foundation\\Http\\Kernel.php(201): Illuminate\\Routing\\Router->dispatch(Object(Illuminate\\Http\\Request))
#31 C:\\Works\\irhebo\\irhebo-backend\\vendor\\laravel\\framework\\src\\Illuminate\\Pipeline\\Pipeline.php(144): Illuminate\\Foundation\\Http\\Kernel->Illuminate\\Foundation\\Http\\{closure}(Object(Illuminate\\Http\\Request))
#32 C:\\Works\\irhebo\\irhebo-backend\\vendor\\proengsoft\\laravel-jsvalidation\\src\\RemoteValidationMiddleware.php(61): Illuminate\\Pipeline\\Pipeline->Illuminate\\Pipeline\\{closure}(Object(Illuminate\\Http\\Request))
#33 C:\\Works\\irhebo\\irhebo-backend\\vendor\\laravel\\framework\\src\\Illuminate\\Pipeline\\Pipeline.php(183): Proengsoft\\JsValidation\\RemoteValidationMiddleware->handle(Object(Illuminate\\Http\\Request), Object(Closure))
#34 C:\\Works\\irhebo\\irhebo-backend\\vendor\\laravel\\framework\\src\\Illuminate\\Foundation\\Http\\Middleware\\TransformsRequest.php(21): Illuminate\\Pipeline\\Pipeline->Illuminate\\Pipeline\\{closure}(Object(Illuminate\\Http\\Request))
#35 C:\\Works\\irhebo\\irhebo-backend\\vendor\\laravel\\framework\\src\\Illuminate\\Foundation\\Http\\Middleware\\ConvertEmptyStringsToNull.php(31): Illuminate\\Foundation\\Http\\Middleware\\TransformsRequest->handle(Object(Illuminate\\Http\\Request), Object(Closure))
#36 C:\\Works\\irhebo\\irhebo-backend\\vendor\\laravel\\framework\\src\\Illuminate\\Pipeline\\Pipeline.php(183): Illuminate\\Foundation\\Http\\Middleware\\ConvertEmptyStringsToNull->handle(Object(Illuminate\\Http\\Request), Object(Closure))
#37 C:\\Works\\irhebo\\irhebo-backend\\vendor\\laravel\\framework\\src\\Illuminate\\Foundation\\Http\\Middleware\\TransformsRequest.php(21): Illuminate\\Pipeline\\Pipeline->Illuminate\\Pipeline\\{closure}(Object(Illuminate\\Http\\Request))
#38 C:\\Works\\irhebo\\irhebo-backend\\vendor\\laravel\\framework\\src\\Illuminate\\Foundation\\Http\\Middleware\\TrimStrings.php(51): Illuminate\\Foundation\\Http\\Middleware\\TransformsRequest->handle(Object(Illuminate\\Http\\Request), Object(Closure))
#39 C:\\Works\\irhebo\\irhebo-backend\\vendor\\laravel\\framework\\src\\Illuminate\\Pipeline\\Pipeline.php(183): Illuminate\\Foundation\\Http\\Middleware\\TrimStrings->handle(Object(Illuminate\\Http\\Request), Object(Closure))
#40 C:\\Works\\irhebo\\irhebo-backend\\vendor\\laravel\\framework\\src\\Illuminate\\Http\\Middleware\\ValidatePostSize.php(27): Illuminate\\Pipeline\\Pipeline->Illuminate\\Pipeline\\{closure}(Object(Illuminate\\Http\\Request))
#41 C:\\Works\\irhebo\\irhebo-backend\\vendor\\laravel\\framework\\src\\Illuminate\\Pipeline\\Pipeline.php(183): Illuminate\\Http\\Middleware\\ValidatePostSize->handle(Object(Illuminate\\Http\\Request), Object(Closure))
#42 C:\\Works\\irhebo\\irhebo-backend\\vendor\\laravel\\framework\\src\\Illuminate\\Foundation\\Http\\Middleware\\PreventRequestsDuringMaintenance.php(110): Illuminate\\Pipeline\\Pipeline->Illuminate\\Pipeline\\{closure}(Object(Illuminate\\Http\\Request))
#43 C:\\Works\\irhebo\\irhebo-backend\\vendor\\laravel\\framework\\src\\Illuminate\\Pipeline\\Pipeline.php(183): Illuminate\\Foundation\\Http\\Middleware\\PreventRequestsDuringMaintenance->handle(Object(Illuminate\\Http\\Request), Object(Closure))
#44 C:\\Works\\irhebo\\irhebo-backend\\vendor\\laravel\\framework\\src\\Illuminate\\Http\\Middleware\\HandleCors.php(62): Illuminate\\Pipeline\\Pipeline->Illuminate\\Pipeline\\{closure}(Object(Illuminate\\Http\\Request))
#45 C:\\Works\\irhebo\\irhebo-backend\\vendor\\laravel\\framework\\src\\Illuminate\\Pipeline\\Pipeline.php(183): Illuminate\\Http\\Middleware\\HandleCors->handle(Object(Illuminate\\Http\\Request), Object(Closure))
#46 C:\\Works\\irhebo\\irhebo-backend\\vendor\\laravel\\framework\\src\\Illuminate\\Http\\Middleware\\TrustProxies.php(58): Illuminate\\Pipeline\\Pipeline->Illuminate\\Pipeline\\{closure}(Object(Illuminate\\Http\\Request))
#47 C:\\Works\\irhebo\\irhebo-backend\\vendor\\laravel\\framework\\src\\Illuminate\\Pipeline\\Pipeline.php(183): Illuminate\\Http\\Middleware\\TrustProxies->handle(Object(Illuminate\\Http\\Request), Object(Closure))
#48 C:\\Works\\irhebo\\irhebo-backend\\vendor\\laravel\\framework\\src\\Illuminate\\Foundation\\Http\\Middleware\\InvokeDeferredCallbacks.php(22): Illuminate\\Pipeline\\Pipeline->Illuminate\\Pipeline\\{closure}(Object(Illuminate\\Http\\Request))
#49 C:\\Works\\irhebo\\irhebo-backend\\vendor\\laravel\\framework\\src\\Illuminate\\Pipeline\\Pipeline.php(183): Illuminate\\Foundation\\Http\\Middleware\\InvokeDeferredCallbacks->handle(Object(Illuminate\\Http\\Request), Object(Closure))
#50 C:\\Works\\irhebo\\irhebo-backend\\vendor\\laravel\\framework\\src\\Illuminate\\Pipeline\\Pipeline.php(119): Illuminate\\Pipeline\\Pipeline->Illuminate\\Pipeline\\{closure}(Object(Illuminate\\Http\\Request))
#51 C:\\Works\\irhebo\\irhebo-backend\\vendor\\laravel\\framework\\src\\Illuminate\\Foundation\\Http\\Kernel.php(176): Illuminate\\Pipeline\\Pipeline->then(Object(Closure))
#52 C:\\Works\\irhebo\\irhebo-backend\\vendor\\laravel\\framework\\src\\Illuminate\\Foundation\\Http\\Kernel.php(145): Illuminate\\Foundation\\Http\\Kernel->sendRequestThroughRouter(Object(Illuminate\\Http\\Request))
#53 C:\\Works\\irhebo\\irhebo-backend\\vendor\\laravel\\framework\\src\\Illuminate\\Foundation\\Application.php(1190): Illuminate\\Foundation\\Http\\Kernel->handle(Object(Illuminate\\Http\\Request))
#54 C:\\Works\\irhebo\\irhebo-backend\\public\\index.php(17): Illuminate\\Foundation\\Application->handleRequest(Object(Illuminate\\Http\\Request))
#55 C:\\Works\\irhebo\\irhebo-backend\\vendor\\laravel\\framework\\src\\Illuminate\\Foundation\\resources\\server.php(23): require_once('C:\\\\Works\\\\irhebo...')
#56 {main}
"} 
[2026-01-26 18:32:46] local.ERROR: The resource owner or authorization server denied the request. {"exception":"[object] (League\\OAuth2\\Server\\Exception\\OAuthServerException(code: 9): The resource owner or authorization server denied the request. at C:\\Works\\irhebo\\irhebo-backend\\vendor\\league\\oauth2-server\\src\\Exception\\OAuthServerException.php:243)
[stacktrace]
#0 C:\\Works\\irhebo\\irhebo-backend\\vendor\\league\\oauth2-server\\src\\AuthorizationValidators\\BearerTokenValidator.php(123): League\\OAuth2\\Server\\Exception\\OAuthServerException::accessDenied('Access token ha...')
#1 C:\\Works\\irhebo\\irhebo-backend\\vendor\\league\\oauth2-server\\src\\ResourceServer.php(84): League\\OAuth2\\Server\\AuthorizationValidators\\BearerTokenValidator->validateAuthorization(Object(Nyholm\\Psr7\\ServerRequest))
#2 C:\\Works\\irhebo\\irhebo-backend\\vendor\\laravel\\passport\\src\\Guards\\TokenGuard.php(232): League\\OAuth2\\Server\\ResourceServer->validateAuthenticatedRequest(Object(Nyholm\\Psr7\\ServerRequest))
#3 C:\\Works\\irhebo\\irhebo-backend\\vendor\\laravel\\passport\\src\\Guards\\TokenGuard.php(178): Laravel\\Passport\\Guards\\TokenGuard->getPsrRequestViaBearerToken(Object(Illuminate\\Http\\Request))
#4 C:\\Works\\irhebo\\irhebo-backend\\vendor\\laravel\\passport\\src\\Guards\\TokenGuard.php(120): Laravel\\Passport\\Guards\\TokenGuard->authenticateViaBearerToken(Object(Illuminate\\Http\\Request))
#5 C:\\Works\\irhebo\\irhebo-backend\\vendor\\laravel\\framework\\src\\Illuminate\\Auth\\GuardHelpers.php(76): Laravel\\Passport\\Guards\\TokenGuard->user()
#6 C:\\Works\\irhebo\\irhebo-backend\\app\\Traits\\BlockFilterTrait.php(13): Laravel\\Passport\\Guards\\TokenGuard->id()
#7 C:\\Works\\irhebo\\irhebo-backend\\vendor\\laravel\\framework\\src\\Illuminate\\Database\\Eloquent\\Builder.php(1429): App\\Models\\Service::App\\Traits\\{closure}(Object(Illuminate\\Database\\Eloquent\\Builder))
#8 C:\\Works\\irhebo\\irhebo-backend\\vendor\\laravel\\framework\\src\\Illuminate\\Database\\Eloquent\\Builder.php(1463): Illuminate\\Database\\Eloquent\\Builder->Illuminate\\Database\\Eloquent\\{closure}(Object(Illuminate\\Database\\Eloquent\\Builder))
#9 C:\\Works\\irhebo\\irhebo-backend\\vendor\\laravel\\framework\\src\\Illuminate\\Database\\Eloquent\\Builder.php(1424): Illuminate\\Database\\Eloquent\\Builder->callScope(Object(Closure))
#10 C:\\Works\\irhebo\\irhebo-backend\\vendor\\laravel\\framework\\src\\Illuminate\\Database\\Eloquent\\Builder.php(738): Illuminate\\Database\\Eloquent\\Builder->applyScopes()
#11 C:\\Works\\irhebo\\irhebo-backend\\vendor\\laravel\\framework\\src\\Illuminate\\Database\\Concerns\\BuildsQueries.php(344): Illuminate\\Database\\Eloquent\\Builder->get(Array)
#12 C:\\Works\\irhebo\\irhebo-backend\\vendor\\laravel\\framework\\src\\Illuminate\\Database\\Eloquent\\Builder.php(461): Illuminate\\Database\\Eloquent\\Builder->first(Array)
#13 C:\\Works\\irhebo\\irhebo-backend\\app\\Repositories\\Eloquents\\ServiceRepository.php(114): Illuminate\\Database\\Eloquent\\Builder->find('424')
#14 C:\\Works\\irhebo\\irhebo-backend\\app\\Services\\ServiceService.php(69): App\\Repositories\\Eloquents\\ServiceRepository->getServiceDetails('424')
#15 C:\\Works\\irhebo\\irhebo-backend\\app\\Http\\Controllers\\Api\\ServiceController.php(113): App\\Services\\ServiceService->getServiceDetails('424')
#16 C:\\Works\\irhebo\\irhebo-backend\\vendor\\laravel\\framework\\src\\Illuminate\\Routing\\ControllerDispatcher.php(47): App\\Http\\Controllers\\Api\\ServiceController->serviceDetails(Object(Illuminate\\Http\\Request), '424')
#17 C:\\Works\\irhebo\\irhebo-backend\\vendor\\laravel\\framework\\src\\Illuminate\\Routing\\Route.php(266): Illuminate\\Routing\\ControllerDispatcher->dispatch(Object(Illuminate\\Routing\\Route), Object(App\\Http\\Controllers\\Api\\ServiceController), 'serviceDetails')
#18 C:\\Works\\irhebo\\irhebo-backend\\vendor\\laravel\\framework\\src\\Illuminate\\Routing\\Route.php(212): Illuminate\\Routing\\Route->runController()
#19 C:\\Works\\irhebo\\irhebo-backend\\vendor\\laravel\\framework\\src\\Illuminate\\Routing\\Router.php(808): Illuminate\\Routing\\Route->run()
#20 C:\\Works\\irhebo\\irhebo-backend\\vendor\\laravel\\framework\\src\\Illuminate\\Pipeline\\Pipeline.php(144): Illuminate\\Routing\\Router->Illuminate\\Routing\\{closure}(Object(Illuminate\\Http\\Request))
#21 C:\\Works\\irhebo\\irhebo-backend\\app\\Http\\Middleware\\SetLocaleFromHeader.php(25): Illuminate\\Pipeline\\Pipeline->Illuminate\\Pipeline\\{closure}(Object(Illuminate\\Http\\Request))
#22 C:\\Works\\irhebo\\irhebo-backend\\vendor\\laravel\\framework\\src\\Illuminate\\Pipeline\\Pipeline.php(183): App\\Http\\Middleware\\SetLocaleFromHeader->handle(Object(Illuminate\\Http\\Request), Object(Closure))
#23 C:\\Works\\irhebo\\irhebo-backend\\vendor\\laravel\\framework\\src\\Illuminate\\Routing\\Middleware\\SubstituteBindings.php(51): Illuminate\\Pipeline\\Pipeline->Illuminate\\Pipeline\\{closure}(Object(Illuminate\\Http\\Request))
#24 C:\\Works\\irhebo\\irhebo-backend\\vendor\\laravel\\framework\\src\\Illuminate\\Pipeline\\Pipeline.php(183): Illuminate\\Routing\\Middleware\\SubstituteBindings->handle(Object(Illuminate\\Http\\Request), Object(Closure))
#25 C:\\Works\\irhebo\\irhebo-backend\\vendor\\laravel\\framework\\src\\Illuminate\\Pipeline\\Pipeline.php(119): Illuminate\\Pipeline\\Pipeline->Illuminate\\Pipeline\\{closure}(Object(Illuminate\\Http\\Request))
#26 C:\\Works\\irhebo\\irhebo-backend\\vendor\\laravel\\framework\\src\\Illuminate\\Routing\\Router.php(807): Illuminate\\Pipeline\\Pipeline->then(Object(Closure))
#27 C:\\Works\\irhebo\\irhebo-backend\\vendor\\laravel\\framework\\src\\Illuminate\\Routing\\Router.php(786): Illuminate\\Routing\\Router->runRouteWithinStack(Object(Illuminate\\Routing\\Route), Object(Illuminate\\Http\\Request))
#28 C:\\Works\\irhebo\\irhebo-backend\\vendor\\laravel\\framework\\src\\Illuminate\\Routing\\Router.php(750): Illuminate\\Routing\\Router->runRoute(Object(Illuminate\\Http\\Request), Object(Illuminate\\Routing\\Route))
#29 C:\\Works\\irhebo\\irhebo-backend\\vendor\\laravel\\framework\\src\\Illuminate\\Routing\\Router.php(739): Illuminate\\Routing\\Router->dispatchToRoute(Object(Illuminate\\Http\\Request))
#30 C:\\Works\\irhebo\\irhebo-backend\\vendor\\laravel\\framework\\src\\Illuminate\\Foundation\\Http\\Kernel.php(201): Illuminate\\Routing\\Router->dispatch(Object(Illuminate\\Http\\Request))
#31 C:\\Works\\irhebo\\irhebo-backend\\vendor\\laravel\\framework\\src\\Illuminate\\Pipeline\\Pipeline.php(144): Illuminate\\Foundation\\Http\\Kernel->Illuminate\\Foundation\\Http\\{closure}(Object(Illuminate\\Http\\Request))
#32 C:\\Works\\irhebo\\irhebo-backend\\vendor\\proengsoft\\laravel-jsvalidation\\src\\RemoteValidationMiddleware.php(61): Illuminate\\Pipeline\\Pipeline->Illuminate\\Pipeline\\{closure}(Object(Illuminate\\Http\\Request))
#33 C:\\Works\\irhebo\\irhebo-backend\\vendor\\laravel\\framework\\src\\Illuminate\\Pipeline\\Pipeline.php(183): Proengsoft\\JsValidation\\RemoteValidationMiddleware->handle(Object(Illuminate\\Http\\Request), Object(Closure))
#34 C:\\Works\\irhebo\\irhebo-backend\\vendor\\laravel\\framework\\src\\Illuminate\\Foundation\\Http\\Middleware\\TransformsRequest.php(21): Illuminate\\Pipeline\\Pipeline->Illuminate\\Pipeline\\{closure}(Object(Illuminate\\Http\\Request))
#35 C:\\Works\\irhebo\\irhebo-backend\\vendor\\laravel\\framework\\src\\Illuminate\\Foundation\\Http\\Middleware\\ConvertEmptyStringsToNull.php(31): Illuminate\\Foundation\\Http\\Middleware\\TransformsRequest->handle(Object(Illuminate\\Http\\Request), Object(Closure))
#36 C:\\Works\\irhebo\\irhebo-backend\\vendor\\laravel\\framework\\src\\Illuminate\\Pipeline\\Pipeline.php(183): Illuminate\\Foundation\\Http\\Middleware\\ConvertEmptyStringsToNull->handle(Object(Illuminate\\Http\\Request), Object(Closure))
#37 C:\\Works\\irhebo\\irhebo-backend\\vendor\\laravel\\framework\\src\\Illuminate\\Foundation\\Http\\Middleware\\TransformsRequest.php(21): Illuminate\\Pipeline\\Pipeline->Illuminate\\Pipeline\\{closure}(Object(Illuminate\\Http\\Request))
#38 C:\\Works\\irhebo\\irhebo-backend\\vendor\\laravel\\framework\\src\\Illuminate\\Foundation\\Http\\Middleware\\TrimStrings.php(51): Illuminate\\Foundation\\Http\\Middleware\\TransformsRequest->handle(Object(Illuminate\\Http\\Request), Object(Closure))
#39 C:\\Works\\irhebo\\irhebo-backend\\vendor\\laravel\\framework\\src\\Illuminate\\Pipeline\\Pipeline.php(183): Illuminate\\Foundation\\Http\\Middleware\\TrimStrings->handle(Object(Illuminate\\Http\\Request), Object(Closure))
#40 C:\\Works\\irhebo\\irhebo-backend\\vendor\\laravel\\framework\\src\\Illuminate\\Http\\Middleware\\ValidatePostSize.php(27): Illuminate\\Pipeline\\Pipeline->Illuminate\\Pipeline\\{closure}(Object(Illuminate\\Http\\Request))
#41 C:\\Works\\irhebo\\irhebo-backend\\vendor\\laravel\\framework\\src\\Illuminate\\Pipeline\\Pipeline.php(183): Illuminate\\Http\\Middleware\\ValidatePostSize->handle(Object(Illuminate\\Http\\Request), Object(Closure))
#42 C:\\Works\\irhebo\\irhebo-backend\\vendor\\laravel\\framework\\src\\Illuminate\\Foundation\\Http\\Middleware\\PreventRequestsDuringMaintenance.php(110): Illuminate\\Pipeline\\Pipeline->Illuminate\\Pipeline\\{closure}(Object(Illuminate\\Http\\Request))
#43 C:\\Works\\irhebo\\irhebo-backend\\vendor\\laravel\\framework\\src\\Illuminate\\Pipeline\\Pipeline.php(183): Illuminate\\Foundation\\Http\\Middleware\\PreventRequestsDuringMaintenance->handle(Object(Illuminate\\Http\\Request), Object(Closure))
#44 C:\\Works\\irhebo\\irhebo-backend\\vendor\\laravel\\framework\\src\\Illuminate\\Http\\Middleware\\HandleCors.php(62): Illuminate\\Pipeline\\Pipeline->Illuminate\\Pipeline\\{closure}(Object(Illuminate\\Http\\Request))
#45 C:\\Works\\irhebo\\irhebo-backend\\vendor\\laravel\\framework\\src\\Illuminate\\Pipeline\\Pipeline.php(183): Illuminate\\Http\\Middleware\\HandleCors->handle(Object(Illuminate\\Http\\Request), Object(Closure))
#46 C:\\Works\\irhebo\\irhebo-backend\\vendor\\laravel\\framework\\src\\Illuminate\\Http\\Middleware\\TrustProxies.php(58): Illuminate\\Pipeline\\Pipeline->Illuminate\\Pipeline\\{closure}(Object(Illuminate\\Http\\Request))
#47 C:\\Works\\irhebo\\irhebo-backend\\vendor\\laravel\\framework\\src\\Illuminate\\Pipeline\\Pipeline.php(183): Illuminate\\Http\\Middleware\\TrustProxies->handle(Object(Illuminate\\Http\\Request), Object(Closure))
#48 C:\\Works\\irhebo\\irhebo-backend\\vendor\\laravel\\framework\\src\\Illuminate\\Foundation\\Http\\Middleware\\InvokeDeferredCallbacks.php(22): Illuminate\\Pipeline\\Pipeline->Illuminate\\Pipeline\\{closure}(Object(Illuminate\\Http\\Request))
#49 C:\\Works\\irhebo\\irhebo-backend\\vendor\\laravel\\framework\\src\\Illuminate\\Pipeline\\Pipeline.php(183): Illuminate\\Foundation\\Http\\Middleware\\InvokeDeferredCallbacks->handle(Object(Illuminate\\Http\\Request), Object(Closure))
#50 C:\\Works\\irhebo\\irhebo-backend\\vendor\\laravel\\framework\\src\\Illuminate\\Pipeline\\Pipeline.php(119): Illuminate\\Pipeline\\Pipeline->Illuminate\\Pipeline\\{closure}(Object(Illuminate\\Http\\Request))
#51 C:\\Works\\irhebo\\irhebo-backend\\vendor\\laravel\\framework\\src\\Illuminate\\Foundation\\Http\\Kernel.php(176): Illuminate\\Pipeline\\Pipeline->then(Object(Closure))
#52 C:\\Works\\irhebo\\irhebo-backend\\vendor\\laravel\\framework\\src\\Illuminate\\Foundation\\Http\\Kernel.php(145): Illuminate\\Foundation\\Http\\Kernel->sendRequestThroughRouter(Object(Illuminate\\Http\\Request))
#53 C:\\Works\\irhebo\\irhebo-backend\\vendor\\laravel\\framework\\src\\Illuminate\\Foundation\\Application.php(1190): Illuminate\\Foundation\\Http\\Kernel->handle(Object(Illuminate\\Http\\Request))
#54 C:\\Works\\irhebo\\irhebo-backend\\public\\index.php(17): Illuminate\\Foundation\\Application->handleRequest(Object(Illuminate\\Http\\Request))
#55 C:\\Works\\irhebo\\irhebo-backend\\vendor\\laravel\\framework\\src\\Illuminate\\Foundation\\resources\\server.php(23): require_once('C:\\\\Works\\\\irhebo...')
#56 {main}
"} 
[2026-01-26 18:33:14] local.ERROR: The resource owner or authorization server denied the request. {"exception":"[object] (League\\OAuth2\\Server\\Exception\\OAuthServerException(code: 9): The resource owner or authorization server denied the request. at C:\\Works\\irhebo\\irhebo-backend\\vendor\\league\\oauth2-server\\src\\Exception\\OAuthServerException.php:243)
[stacktrace]
#0 C:\\Works\\irhebo\\irhebo-backend\\vendor\\league\\oauth2-server\\src\\AuthorizationValidators\\BearerTokenValidator.php(123): League\\OAuth2\\Server\\Exception\\OAuthServerException::accessDenied('Access token ha...')
#1 C:\\Works\\irhebo\\irhebo-backend\\vendor\\league\\oauth2-server\\src\\ResourceServer.php(84): League\\OAuth2\\Server\\AuthorizationValidators\\BearerTokenValidator->validateAuthorization(Object(Nyholm\\Psr7\\ServerRequest))
#2 C:\\Works\\irhebo\\irhebo-backend\\vendor\\laravel\\passport\\src\\Guards\\TokenGuard.php(232): League\\OAuth2\\Server\\ResourceServer->validateAuthenticatedRequest(Object(Nyholm\\Psr7\\ServerRequest))
#3 C:\\Works\\irhebo\\irhebo-backend\\vendor\\laravel\\passport\\src\\Guards\\TokenGuard.php(178): Laravel\\Passport\\Guards\\TokenGuard->getPsrRequestViaBearerToken(Object(Illuminate\\Http\\Request))
#4 C:\\Works\\irhebo\\irhebo-backend\\vendor\\laravel\\passport\\src\\Guards\\TokenGuard.php(120): Laravel\\Passport\\Guards\\TokenGuard->authenticateViaBearerToken(Object(Illuminate\\Http\\Request))
#5 C:\\Works\\irhebo\\irhebo-backend\\vendor\\laravel\\framework\\src\\Illuminate\\Auth\\GuardHelpers.php(76): Laravel\\Passport\\Guards\\TokenGuard->user()
#6 C:\\Works\\irhebo\\irhebo-backend\\app\\Traits\\BlockFilterTrait.php(13): Laravel\\Passport\\Guards\\TokenGuard->id()
#7 C:\\Works\\irhebo\\irhebo-backend\\vendor\\laravel\\framework\\src\\Illuminate\\Database\\Eloquent\\Builder.php(1429): App\\Models\\Service::App\\Traits\\{closure}(Object(Illuminate\\Database\\Eloquent\\Builder))
#8 C:\\Works\\irhebo\\irhebo-backend\\vendor\\laravel\\framework\\src\\Illuminate\\Database\\Eloquent\\Builder.php(1463): Illuminate\\Database\\Eloquent\\Builder->Illuminate\\Database\\Eloquent\\{closure}(Object(Illuminate\\Database\\Eloquent\\Builder))
#9 C:\\Works\\irhebo\\irhebo-backend\\vendor\\laravel\\framework\\src\\Illuminate\\Database\\Eloquent\\Builder.php(1424): Illuminate\\Database\\Eloquent\\Builder->callScope(Object(Closure))
#10 C:\\Works\\irhebo\\irhebo-backend\\vendor\\laravel\\framework\\src\\Illuminate\\Database\\Eloquent\\Builder.php(738): Illuminate\\Database\\Eloquent\\Builder->applyScopes()
#11 C:\\Works\\irhebo\\irhebo-backend\\vendor\\laravel\\framework\\src\\Illuminate\\Database\\Concerns\\BuildsQueries.php(344): Illuminate\\Database\\Eloquent\\Builder->get(Array)
#12 C:\\Works\\irhebo\\irhebo-backend\\vendor\\laravel\\framework\\src\\Illuminate\\Database\\Eloquent\\Builder.php(461): Illuminate\\Database\\Eloquent\\Builder->first(Array)
#13 C:\\Works\\irhebo\\irhebo-backend\\app\\Repositories\\Eloquents\\ServiceRepository.php(114): Illuminate\\Database\\Eloquent\\Builder->find('409')
#14 C:\\Works\\irhebo\\irhebo-backend\\app\\Services\\ServiceService.php(69): App\\Repositories\\Eloquents\\ServiceRepository->getServiceDetails('409')
#15 C:\\Works\\irhebo\\irhebo-backend\\app\\Http\\Controllers\\Api\\ServiceController.php(113): App\\Services\\ServiceService->getServiceDetails('409')
#16 C:\\Works\\irhebo\\irhebo-backend\\vendor\\laravel\\framework\\src\\Illuminate\\Routing\\ControllerDispatcher.php(47): App\\Http\\Controllers\\Api\\ServiceController->serviceDetails(Object(Illuminate\\Http\\Request), '409')
#17 C:\\Works\\irhebo\\irhebo-backend\\vendor\\laravel\\framework\\src\\Illuminate\\Routing\\Route.php(266): Illuminate\\Routing\\ControllerDispatcher->dispatch(Object(Illuminate\\Routing\\Route), Object(App\\Http\\Controllers\\Api\\ServiceController), 'serviceDetails')
#18 C:\\Works\\irhebo\\irhebo-backend\\vendor\\laravel\\framework\\src\\Illuminate\\Routing\\Route.php(212): Illuminate\\Routing\\Route->runController()
#19 C:\\Works\\irhebo\\irhebo-backend\\vendor\\laravel\\framework\\src\\Illuminate\\Routing\\Router.php(808): Illuminate\\Routing\\Route->run()
#20 C:\\Works\\irhebo\\irhebo-backend\\vendor\\laravel\\framework\\src\\Illuminate\\Pipeline\\Pipeline.php(144): Illuminate\\Routing\\Router->Illuminate\\Routing\\{closure}(Object(Illuminate\\Http\\Request))
#21 C:\\Works\\irhebo\\irhebo-backend\\app\\Http\\Middleware\\SetLocaleFromHeader.php(25): Illuminate\\Pipeline\\Pipeline->Illuminate\\Pipeline\\{closure}(Object(Illuminate\\Http\\Request))
#22 C:\\Works\\irhebo\\irhebo-backend\\vendor\\laravel\\framework\\src\\Illuminate\\Pipeline\\Pipeline.php(183): App\\Http\\Middleware\\SetLocaleFromHeader->handle(Object(Illuminate\\Http\\Request), Object(Closure))
#23 C:\\Works\\irhebo\\irhebo-backend\\vendor\\laravel\\framework\\src\\Illuminate\\Routing\\Middleware\\SubstituteBindings.php(51): Illuminate\\Pipeline\\Pipeline->Illuminate\\Pipeline\\{closure}(Object(Illuminate\\Http\\Request))
#24 C:\\Works\\irhebo\\irhebo-backend\\vendor\\laravel\\framework\\src\\Illuminate\\Pipeline\\Pipeline.php(183): Illuminate\\Routing\\Middleware\\SubstituteBindings->handle(Object(Illuminate\\Http\\Request), Object(Closure))
#25 C:\\Works\\irhebo\\irhebo-backend\\vendor\\laravel\\framework\\src\\Illuminate\\Pipeline\\Pipeline.php(119): Illuminate\\Pipeline\\Pipeline->Illuminate\\Pipeline\\{closure}(Object(Illuminate\\Http\\Request))
#26 C:\\Works\\irhebo\\irhebo-backend\\vendor\\laravel\\framework\\src\\Illuminate\\Routing\\Router.php(807): Illuminate\\Pipeline\\Pipeline->then(Object(Closure))
#27 C:\\Works\\irhebo\\irhebo-backend\\vendor\\laravel\\framework\\src\\Illuminate\\Routing\\Router.php(786): Illuminate\\Routing\\Router->runRouteWithinStack(Object(Illuminate\\Routing\\Route), Object(Illuminate\\Http\\Request))
#28 C:\\Works\\irhebo\\irhebo-backend\\vendor\\laravel\\framework\\src\\Illuminate\\Routing\\Router.php(750): Illuminate\\Routing\\Router->runRoute(Object(Illuminate\\Http\\Request), Object(Illuminate\\Routing\\Route))
#29 C:\\Works\\irhebo\\irhebo-backend\\vendor\\laravel\\framework\\src\\Illuminate\\Routing\\Router.php(739): Illuminate\\Routing\\Router->dispatchToRoute(Object(Illuminate\\Http\\Request))
#30 C:\\Works\\irhebo\\irhebo-backend\\vendor\\laravel\\framework\\src\\Illuminate\\Foundation\\Http\\Kernel.php(201): Illuminate\\Routing\\Router->dispatch(Object(Illuminate\\Http\\Request))
#31 C:\\Works\\irhebo\\irhebo-backend\\vendor\\laravel\\framework\\src\\Illuminate\\Pipeline\\Pipeline.php(144): Illuminate\\Foundation\\Http\\Kernel->Illuminate\\Foundation\\Http\\{closure}(Object(Illuminate\\Http\\Request))
#32 C:\\Works\\irhebo\\irhebo-backend\\vendor\\proengsoft\\laravel-jsvalidation\\src\\RemoteValidationMiddleware.php(61): Illuminate\\Pipeline\\Pipeline->Illuminate\\Pipeline\\{closure}(Object(Illuminate\\Http\\Request))
#33 C:\\Works\\irhebo\\irhebo-backend\\vendor\\laravel\\framework\\src\\Illuminate\\Pipeline\\Pipeline.php(183): Proengsoft\\JsValidation\\RemoteValidationMiddleware->handle(Object(Illuminate\\Http\\Request), Object(Closure))
#34 C:\\Works\\irhebo\\irhebo-backend\\vendor\\laravel\\framework\\src\\Illuminate\\Foundation\\Http\\Middleware\\TransformsRequest.php(21): Illuminate\\Pipeline\\Pipeline->Illuminate\\Pipeline\\{closure}(Object(Illuminate\\Http\\Request))
#35 C:\\Works\\irhebo\\irhebo-backend\\vendor\\laravel\\framework\\src\\Illuminate\\Foundation\\Http\\Middleware\\ConvertEmptyStringsToNull.php(31): Illuminate\\Foundation\\Http\\Middleware\\TransformsRequest->handle(Object(Illuminate\\Http\\Request), Object(Closure))
#36 C:\\Works\\irhebo\\irhebo-backend\\vendor\\laravel\\framework\\src\\Illuminate\\Pipeline\\Pipeline.php(183): Illuminate\\Foundation\\Http\\Middleware\\ConvertEmptyStringsToNull->handle(Object(Illuminate\\Http\\Request), Object(Closure))
#37 C:\\Works\\irhebo\\irhebo-backend\\vendor\\laravel\\framework\\src\\Illuminate\\Foundation\\Http\\Middleware\\TransformsRequest.php(21): Illuminate\\Pipeline\\Pipeline->Illuminate\\Pipeline\\{closure}(Object(Illuminate\\Http\\Request))
#38 C:\\Works\\irhebo\\irhebo-backend\\vendor\\laravel\\framework\\src\\Illuminate\\Foundation\\Http\\Middleware\\TrimStrings.php(51): Illuminate\\Foundation\\Http\\Middleware\\TransformsRequest->handle(Object(Illuminate\\Http\\Request), Object(Closure))
#39 C:\\Works\\irhebo\\irhebo-backend\\vendor\\laravel\\framework\\src\\Illuminate\\Pipeline\\Pipeline.php(183): Illuminate\\Foundation\\Http\\Middleware\\TrimStrings->handle(Object(Illuminate\\Http\\Request), Object(Closure))
#40 C:\\Works\\irhebo\\irhebo-backend\\vendor\\laravel\\framework\\src\\Illuminate\\Http\\Middleware\\ValidatePostSize.php(27): Illuminate\\Pipeline\\Pipeline->Illuminate\\Pipeline\\{closure}(Object(Illuminate\\Http\\Request))
#41 C:\\Works\\irhebo\\irhebo-backend\\vendor\\laravel\\framework\\src\\Illuminate\\Pipeline\\Pipeline.php(183): Illuminate\\Http\\Middleware\\ValidatePostSize->handle(Object(Illuminate\\Http\\Request), Object(Closure))
#42 C:\\Works\\irhebo\\irhebo-backend\\vendor\\laravel\\framework\\src\\Illuminate\\Foundation\\Http\\Middleware\\PreventRequestsDuringMaintenance.php(110): Illuminate\\Pipeline\\Pipeline->Illuminate\\Pipeline\\{closure}(Object(Illuminate\\Http\\Request))
#43 C:\\Works\\irhebo\\irhebo-backend\\vendor\\laravel\\framework\\src\\Illuminate\\Pipeline\\Pipeline.php(183): Illuminate\\Foundation\\Http\\Middleware\\PreventRequestsDuringMaintenance->handle(Object(Illuminate\\Http\\Request), Object(Closure))
#44 C:\\Works\\irhebo\\irhebo-backend\\vendor\\laravel\\framework\\src\\Illuminate\\Http\\Middleware\\HandleCors.php(62): Illuminate\\Pipeline\\Pipeline->Illuminate\\Pipeline\\{closure}(Object(Illuminate\\Http\\Request))
#45 C:\\Works\\irhebo\\irhebo-backend\\vendor\\laravel\\framework\\src\\Illuminate\\Pipeline\\Pipeline.php(183): Illuminate\\Http\\Middleware\\HandleCors->handle(Object(Illuminate\\Http\\Request), Object(Closure))
#46 C:\\Works\\irhebo\\irhebo-backend\\vendor\\laravel\\framework\\src\\Illuminate\\Http\\Middleware\\TrustProxies.php(58): Illuminate\\Pipeline\\Pipeline->Illuminate\\Pipeline\\{closure}(Object(Illuminate\\Http\\Request))
#47 C:\\Works\\irhebo\\irhebo-backend\\vendor\\laravel\\framework\\src\\Illuminate\\Pipeline\\Pipeline.php(183): Illuminate\\Http\\Middleware\\TrustProxies->handle(Object(Illuminate\\Http\\Request), Object(Closure))
#48 C:\\Works\\irhebo\\irhebo-backend\\vendor\\laravel\\framework\\src\\Illuminate\\Foundation\\Http\\Middleware\\InvokeDeferredCallbacks.php(22): Illuminate\\Pipeline\\Pipeline->Illuminate\\Pipeline\\{closure}(Object(Illuminate\\Http\\Request))
#49 C:\\Works\\irhebo\\irhebo-backend\\vendor\\laravel\\framework\\src\\Illuminate\\Pipeline\\Pipeline.php(183): Illuminate\\Foundation\\Http\\Middleware\\InvokeDeferredCallbacks->handle(Object(Illuminate\\Http\\Request), Object(Closure))
#50 C:\\Works\\irhebo\\irhebo-backend\\vendor\\laravel\\framework\\src\\Illuminate\\Pipeline\\Pipeline.php(119): Illuminate\\Pipeline\\Pipeline->Illuminate\\Pipeline\\{closure}(Object(Illuminate\\Http\\Request))
#51 C:\\Works\\irhebo\\irhebo-backend\\vendor\\laravel\\framework\\src\\Illuminate\\Foundation\\Http\\Kernel.php(176): Illuminate\\Pipeline\\Pipeline->then(Object(Closure))
#52 C:\\Works\\irhebo\\irhebo-backend\\vendor\\laravel\\framework\\src\\Illuminate\\Foundation\\Http\\Kernel.php(145): Illuminate\\Foundation\\Http\\Kernel->sendRequestThroughRouter(Object(Illuminate\\Http\\Request))
#53 C:\\Works\\irhebo\\irhebo-backend\\vendor\\laravel\\framework\\src\\Illuminate\\Foundation\\Application.php(1190): Illuminate\\Foundation\\Http\\Kernel->handle(Object(Illuminate\\Http\\Request))
#54 C:\\Works\\irhebo\\irhebo-backend\\public\\index.php(17): Illuminate\\Foundation\\Application->handleRequest(Object(Illuminate\\Http\\Request))
#55 C:\\Works\\irhebo\\irhebo-backend\\vendor\\laravel\\framework\\src\\Illuminate\\Foundation\\resources\\server.php(23): require_once('C:\\\\Works\\\\irhebo...')
#56 {main}
"} 
[2026-01-26 18:33:46] local.ERROR: The resource owner or authorization server denied the request. {"exception":"[object] (League\\OAuth2\\Server\\Exception\\OAuthServerException(code: 9): The resource owner or authorization server denied the request. at C:\\Works\\irhebo\\irhebo-backend\\vendor\\league\\oauth2-server\\src\\Exception\\OAuthServerException.php:243)
[stacktrace]
#0 C:\\Works\\irhebo\\irhebo-backend\\vendor\\league\\oauth2-server\\src\\AuthorizationValidators\\BearerTokenValidator.php(123): League\\OAuth2\\Server\\Exception\\OAuthServerException::accessDenied('Access token ha...')
#1 C:\\Works\\irhebo\\irhebo-backend\\vendor\\league\\oauth2-server\\src\\ResourceServer.php(84): League\\OAuth2\\Server\\AuthorizationValidators\\BearerTokenValidator->validateAuthorization(Object(Nyholm\\Psr7\\ServerRequest))
#2 C:\\Works\\irhebo\\irhebo-backend\\vendor\\laravel\\passport\\src\\Guards\\TokenGuard.php(232): League\\OAuth2\\Server\\ResourceServer->validateAuthenticatedRequest(Object(Nyholm\\Psr7\\ServerRequest))
#3 C:\\Works\\irhebo\\irhebo-backend\\vendor\\laravel\\passport\\src\\Guards\\TokenGuard.php(178): Laravel\\Passport\\Guards\\TokenGuard->getPsrRequestViaBearerToken(Object(Illuminate\\Http\\Request))
#4 C:\\Works\\irhebo\\irhebo-backend\\vendor\\laravel\\passport\\src\\Guards\\TokenGuard.php(120): Laravel\\Passport\\Guards\\TokenGuard->authenticateViaBearerToken(Object(Illuminate\\Http\\Request))
#5 C:\\Works\\irhebo\\irhebo-backend\\vendor\\laravel\\framework\\src\\Illuminate\\Auth\\GuardHelpers.php(76): Laravel\\Passport\\Guards\\TokenGuard->user()
#6 C:\\Works\\irhebo\\irhebo-backend\\app\\Traits\\BlockFilterTrait.php(13): Laravel\\Passport\\Guards\\TokenGuard->id()
#7 C:\\Works\\irhebo\\irhebo-backend\\vendor\\laravel\\framework\\src\\Illuminate\\Database\\Eloquent\\Builder.php(1429): App\\Models\\Service::App\\Traits\\{closure}(Object(Illuminate\\Database\\Eloquent\\Builder))
#8 C:\\Works\\irhebo\\irhebo-backend\\vendor\\laravel\\framework\\src\\Illuminate\\Database\\Eloquent\\Builder.php(1463): Illuminate\\Database\\Eloquent\\Builder->Illuminate\\Database\\Eloquent\\{closure}(Object(Illuminate\\Database\\Eloquent\\Builder))
#9 C:\\Works\\irhebo\\irhebo-backend\\vendor\\laravel\\framework\\src\\Illuminate\\Database\\Eloquent\\Builder.php(1424): Illuminate\\Database\\Eloquent\\Builder->callScope(Object(Closure))
#10 C:\\Works\\irhebo\\irhebo-backend\\vendor\\laravel\\framework\\src\\Illuminate\\Database\\Eloquent\\Builder.php(738): Illuminate\\Database\\Eloquent\\Builder->applyScopes()
#11 C:\\Works\\irhebo\\irhebo-backend\\vendor\\laravel\\framework\\src\\Illuminate\\Database\\Concerns\\BuildsQueries.php(344): Illuminate\\Database\\Eloquent\\Builder->get(Array)
#12 C:\\Works\\irhebo\\irhebo-backend\\vendor\\laravel\\framework\\src\\Illuminate\\Database\\Eloquent\\Builder.php(461): Illuminate\\Database\\Eloquent\\Builder->first(Array)
#13 C:\\Works\\irhebo\\irhebo-backend\\app\\Repositories\\Eloquents\\ServiceRepository.php(114): Illuminate\\Database\\Eloquent\\Builder->find('406')
#14 C:\\Works\\irhebo\\irhebo-backend\\app\\Services\\ServiceService.php(69): App\\Repositories\\Eloquents\\ServiceRepository->getServiceDetails('406')
#15 C:\\Works\\irhebo\\irhebo-backend\\app\\Http\\Controllers\\Api\\ServiceController.php(113): App\\Services\\ServiceService->getServiceDetails('406')
#16 C:\\Works\\irhebo\\irhebo-backend\\vendor\\laravel\\framework\\src\\Illuminate\\Routing\\ControllerDispatcher.php(47): App\\Http\\Controllers\\Api\\ServiceController->serviceDetails(Object(Illuminate\\Http\\Request), '406')
#17 C:\\Works\\irhebo\\irhebo-backend\\vendor\\laravel\\framework\\src\\Illuminate\\Routing\\Route.php(266): Illuminate\\Routing\\ControllerDispatcher->dispatch(Object(Illuminate\\Routing\\Route), Object(App\\Http\\Controllers\\Api\\ServiceController), 'serviceDetails')
#18 C:\\Works\\irhebo\\irhebo-backend\\vendor\\laravel\\framework\\src\\Illuminate\\Routing\\Route.php(212): Illuminate\\Routing\\Route->runController()
#19 C:\\Works\\irhebo\\irhebo-backend\\vendor\\laravel\\framework\\src\\Illuminate\\Routing\\Router.php(808): Illuminate\\Routing\\Route->run()
#20 C:\\Works\\irhebo\\irhebo-backend\\vendor\\laravel\\framework\\src\\Illuminate\\Pipeline\\Pipeline.php(144): Illuminate\\Routing\\Router->Illuminate\\Routing\\{closure}(Object(Illuminate\\Http\\Request))
#21 C:\\Works\\irhebo\\irhebo-backend\\app\\Http\\Middleware\\SetLocaleFromHeader.php(25): Illuminate\\Pipeline\\Pipeline->Illuminate\\Pipeline\\{closure}(Object(Illuminate\\Http\\Request))
#22 C:\\Works\\irhebo\\irhebo-backend\\vendor\\laravel\\framework\\src\\Illuminate\\Pipeline\\Pipeline.php(183): App\\Http\\Middleware\\SetLocaleFromHeader->handle(Object(Illuminate\\Http\\Request), Object(Closure))
#23 C:\\Works\\irhebo\\irhebo-backend\\vendor\\laravel\\framework\\src\\Illuminate\\Routing\\Middleware\\SubstituteBindings.php(51): Illuminate\\Pipeline\\Pipeline->Illuminate\\Pipeline\\{closure}(Object(Illuminate\\Http\\Request))
#24 C:\\Works\\irhebo\\irhebo-backend\\vendor\\laravel\\framework\\src\\Illuminate\\Pipeline\\Pipeline.php(183): Illuminate\\Routing\\Middleware\\SubstituteBindings->handle(Object(Illuminate\\Http\\Request), Object(Closure))
#25 C:\\Works\\irhebo\\irhebo-backend\\vendor\\laravel\\framework\\src\\Illuminate\\Pipeline\\Pipeline.php(119): Illuminate\\Pipeline\\Pipeline->Illuminate\\Pipeline\\{closure}(Object(Illuminate\\Http\\Request))
#26 C:\\Works\\irhebo\\irhebo-backend\\vendor\\laravel\\framework\\src\\Illuminate\\Routing\\Router.php(807): Illuminate\\Pipeline\\Pipeline->then(Object(Closure))
#27 C:\\Works\\irhebo\\irhebo-backend\\vendor\\laravel\\framework\\src\\Illuminate\\Routing\\Router.php(786): Illuminate\\Routing\\Router->runRouteWithinStack(Object(Illuminate\\Routing\\Route), Object(Illuminate\\Http\\Request))
#28 C:\\Works\\irhebo\\irhebo-backend\\vendor\\laravel\\framework\\src\\Illuminate\\Routing\\Router.php(750): Illuminate\\Routing\\Router->runRoute(Object(Illuminate\\Http\\Request), Object(Illuminate\\Routing\\Route))
#29 C:\\Works\\irhebo\\irhebo-backend\\vendor\\laravel\\framework\\src\\Illuminate\\Routing\\Router.php(739): Illuminate\\Routing\\Router->dispatchToRoute(Object(Illuminate\\Http\\Request))
#30 C:\\Works\\irhebo\\irhebo-backend\\vendor\\laravel\\framework\\src\\Illuminate\\Foundation\\Http\\Kernel.php(201): Illuminate\\Routing\\Router->dispatch(Object(Illuminate\\Http\\Request))
#31 C:\\Works\\irhebo\\irhebo-backend\\vendor\\laravel\\framework\\src\\Illuminate\\Pipeline\\Pipeline.php(144): Illuminate\\Foundation\\Http\\Kernel->Illuminate\\Foundation\\Http\\{closure}(Object(Illuminate\\Http\\Request))
#32 C:\\Works\\irhebo\\irhebo-backend\\vendor\\proengsoft\\laravel-jsvalidation\\src\\RemoteValidationMiddleware.php(61): Illuminate\\Pipeline\\Pipeline->Illuminate\\Pipeline\\{closure}(Object(Illuminate\\Http\\Request))
#33 C:\\Works\\irhebo\\irhebo-backend\\vendor\\laravel\\framework\\src\\Illuminate\\Pipeline\\Pipeline.php(183): Proengsoft\\JsValidation\\RemoteValidationMiddleware->handle(Object(Illuminate\\Http\\Request), Object(Closure))
#34 C:\\Works\\irhebo\\irhebo-backend\\vendor\\laravel\\framework\\src\\Illuminate\\Foundation\\Http\\Middleware\\TransformsRequest.php(21): Illuminate\\Pipeline\\Pipeline->Illuminate\\Pipeline\\{closure}(Object(Illuminate\\Http\\Request))
#35 C:\\Works\\irhebo\\irhebo-backend\\vendor\\laravel\\framework\\src\\Illuminate\\Foundation\\Http\\Middleware\\ConvertEmptyStringsToNull.php(31): Illuminate\\Foundation\\Http\\Middleware\\TransformsRequest->handle(Object(Illuminate\\Http\\Request), Object(Closure))
#36 C:\\Works\\irhebo\\irhebo-backend\\vendor\\laravel\\framework\\src\\Illuminate\\Pipeline\\Pipeline.php(183): Illuminate\\Foundation\\Http\\Middleware\\ConvertEmptyStringsToNull->handle(Object(Illuminate\\Http\\Request), Object(Closure))
#37 C:\\Works\\irhebo\\irhebo-backend\\vendor\\laravel\\framework\\src\\Illuminate\\Foundation\\Http\\Middleware\\TransformsRequest.php(21): Illuminate\\Pipeline\\Pipeline->Illuminate\\Pipeline\\{closure}(Object(Illuminate\\Http\\Request))
#38 C:\\Works\\irhebo\\irhebo-backend\\vendor\\laravel\\framework\\src\\Illuminate\\Foundation\\Http\\Middleware\\TrimStrings.php(51): Illuminate\\Foundation\\Http\\Middleware\\TransformsRequest->handle(Object(Illuminate\\Http\\Request), Object(Closure))
#39 C:\\Works\\irhebo\\irhebo-backend\\vendor\\laravel\\framework\\src\\Illuminate\\Pipeline\\Pipeline.php(183): Illuminate\\Foundation\\Http\\Middleware\\TrimStrings->handle(Object(Illuminate\\Http\\Request), Object(Closure))
#40 C:\\Works\\irhebo\\irhebo-backend\\vendor\\laravel\\framework\\src\\Illuminate\\Http\\Middleware\\ValidatePostSize.php(27): Illuminate\\Pipeline\\Pipeline->Illuminate\\Pipeline\\{closure}(Object(Illuminate\\Http\\Request))
#41 C:\\Works\\irhebo\\irhebo-backend\\vendor\\laravel\\framework\\src\\Illuminate\\Pipeline\\Pipeline.php(183): Illuminate\\Http\\Middleware\\ValidatePostSize->handle(Object(Illuminate\\Http\\Request), Object(Closure))
#42 C:\\Works\\irhebo\\irhebo-backend\\vendor\\laravel\\framework\\src\\Illuminate\\Foundation\\Http\\Middleware\\PreventRequestsDuringMaintenance.php(110): Illuminate\\Pipeline\\Pipeline->Illuminate\\Pipeline\\{closure}(Object(Illuminate\\Http\\Request))
#43 C:\\Works\\irhebo\\irhebo-backend\\vendor\\laravel\\framework\\src\\Illuminate\\Pipeline\\Pipeline.php(183): Illuminate\\Foundation\\Http\\Middleware\\PreventRequestsDuringMaintenance->handle(Object(Illuminate\\Http\\Request), Object(Closure))
#44 C:\\Works\\irhebo\\irhebo-backend\\vendor\\laravel\\framework\\src\\Illuminate\\Http\\Middleware\\HandleCors.php(62): Illuminate\\Pipeline\\Pipeline->Illuminate\\Pipeline\\{closure}(Object(Illuminate\\Http\\Request))
#45 C:\\Works\\irhebo\\irhebo-backend\\vendor\\laravel\\framework\\src\\Illuminate\\Pipeline\\Pipeline.php(183): Illuminate\\Http\\Middleware\\HandleCors->handle(Object(Illuminate\\Http\\Request), Object(Closure))
#46 C:\\Works\\irhebo\\irhebo-backend\\vendor\\laravel\\framework\\src\\Illuminate\\Http\\Middleware\\TrustProxies.php(58): Illuminate\\Pipeline\\Pipeline->Illuminate\\Pipeline\\{closure}(Object(Illuminate\\Http\\Request))
#47 C:\\Works\\irhebo\\irhebo-backend\\vendor\\laravel\\framework\\src\\Illuminate\\Pipeline\\Pipeline.php(183): Illuminate\\Http\\Middleware\\TrustProxies->handle(Object(Illuminate\\Http\\Request), Object(Closure))
#48 C:\\Works\\irhebo\\irhebo-backend\\vendor\\laravel\\framework\\src\\Illuminate\\Foundation\\Http\\Middleware\\InvokeDeferredCallbacks.php(22): Illuminate\\Pipeline\\Pipeline->Illuminate\\Pipeline\\{closure}(Object(Illuminate\\Http\\Request))
#49 C:\\Works\\irhebo\\irhebo-backend\\vendor\\laravel\\framework\\src\\Illuminate\\Pipeline\\Pipeline.php(183): Illuminate\\Foundation\\Http\\Middleware\\InvokeDeferredCallbacks->handle(Object(Illuminate\\Http\\Request), Object(Closure))
#50 C:\\Works\\irhebo\\irhebo-backend\\vendor\\laravel\\framework\\src\\Illuminate\\Pipeline\\Pipeline.php(119): Illuminate\\Pipeline\\Pipeline->Illuminate\\Pipeline\\{closure}(Object(Illuminate\\Http\\Request))
#51 C:\\Works\\irhebo\\irhebo-backend\\vendor\\laravel\\framework\\src\\Illuminate\\Foundation\\Http\\Kernel.php(176): Illuminate\\Pipeline\\Pipeline->then(Object(Closure))
#52 C:\\Works\\irhebo\\irhebo-backend\\vendor\\laravel\\framework\\src\\Illuminate\\Foundation\\Http\\Kernel.php(145): Illuminate\\Foundation\\Http\\Kernel->sendRequestThroughRouter(Object(Illuminate\\Http\\Request))
#53 C:\\Works\\irhebo\\irhebo-backend\\vendor\\laravel\\framework\\src\\Illuminate\\Foundation\\Application.php(1190): Illuminate\\Foundation\\Http\\Kernel->handle(Object(Illuminate\\Http\\Request))
#54 C:\\Works\\irhebo\\irhebo-backend\\public\\index.php(17): Illuminate\\Foundation\\Application->handleRequest(Object(Illuminate\\Http\\Request))
#55 C:\\Works\\irhebo\\irhebo-backend\\vendor\\laravel\\framework\\src\\Illuminate\\Foundation\\resources\\server.php(23): require_once('C:\\\\Works\\\\irhebo...')
#56 {main}
"} 
[2026-01-26 18:34:50] local.ERROR: The resource owner or authorization server denied the request. {"exception":"[object] (League\\OAuth2\\Server\\Exception\\OAuthServerException(code: 9): The resource owner or authorization server denied the request. at C:\\Works\\irhebo\\irhebo-backend\\vendor\\league\\oauth2-server\\src\\Exception\\OAuthServerException.php:243)
[stacktrace]
#0 C:\\Works\\irhebo\\irhebo-backend\\vendor\\league\\oauth2-server\\src\\AuthorizationValidators\\BearerTokenValidator.php(123): League\\OAuth2\\Server\\Exception\\OAuthServerException::accessDenied('Access token ha...')
#1 C:\\Works\\irhebo\\irhebo-backend\\vendor\\league\\oauth2-server\\src\\ResourceServer.php(84): League\\OAuth2\\Server\\AuthorizationValidators\\BearerTokenValidator->validateAuthorization(Object(Nyholm\\Psr7\\ServerRequest))
#2 C:\\Works\\irhebo\\irhebo-backend\\vendor\\laravel\\passport\\src\\Guards\\TokenGuard.php(232): League\\OAuth2\\Server\\ResourceServer->validateAuthenticatedRequest(Object(Nyholm\\Psr7\\ServerRequest))
#3 C:\\Works\\irhebo\\irhebo-backend\\vendor\\laravel\\passport\\src\\Guards\\TokenGuard.php(178): Laravel\\Passport\\Guards\\TokenGuard->getPsrRequestViaBearerToken(Object(Illuminate\\Http\\Request))
#4 C:\\Works\\irhebo\\irhebo-backend\\vendor\\laravel\\passport\\src\\Guards\\TokenGuard.php(120): Laravel\\Passport\\Guards\\TokenGuard->authenticateViaBearerToken(Object(Illuminate\\Http\\Request))
#5 C:\\Works\\irhebo\\irhebo-backend\\vendor\\laravel\\framework\\src\\Illuminate\\Auth\\GuardHelpers.php(76): Laravel\\Passport\\Guards\\TokenGuard->user()
#6 C:\\Works\\irhebo\\irhebo-backend\\app\\Traits\\BlockFilterTrait.php(13): Laravel\\Passport\\Guards\\TokenGuard->id()
#7 C:\\Works\\irhebo\\irhebo-backend\\vendor\\laravel\\framework\\src\\Illuminate\\Database\\Eloquent\\Builder.php(1429): App\\Models\\Service::App\\Traits\\{closure}(Object(Illuminate\\Database\\Eloquent\\Builder))
#8 C:\\Works\\irhebo\\irhebo-backend\\vendor\\laravel\\framework\\src\\Illuminate\\Database\\Eloquent\\Builder.php(1463): Illuminate\\Database\\Eloquent\\Builder->Illuminate\\Database\\Eloquent\\{closure}(Object(Illuminate\\Database\\Eloquent\\Builder))
#9 C:\\Works\\irhebo\\irhebo-backend\\vendor\\laravel\\framework\\src\\Illuminate\\Database\\Eloquent\\Builder.php(1424): Illuminate\\Database\\Eloquent\\Builder->callScope(Object(Closure))
#10 C:\\Works\\irhebo\\irhebo-backend\\vendor\\laravel\\framework\\src\\Illuminate\\Database\\Eloquent\\Builder.php(738): Illuminate\\Database\\Eloquent\\Builder->applyScopes()
#11 C:\\Works\\irhebo\\irhebo-backend\\vendor\\laravel\\framework\\src\\Illuminate\\Database\\Concerns\\BuildsQueries.php(344): Illuminate\\Database\\Eloquent\\Builder->get(Array)
#12 C:\\Works\\irhebo\\irhebo-backend\\vendor\\laravel\\framework\\src\\Illuminate\\Database\\Eloquent\\Builder.php(461): Illuminate\\Database\\Eloquent\\Builder->first(Array)
#13 C:\\Works\\irhebo\\irhebo-backend\\app\\Repositories\\Eloquents\\ServiceRepository.php(114): Illuminate\\Database\\Eloquent\\Builder->find('421')
#14 C:\\Works\\irhebo\\irhebo-backend\\app\\Services\\ServiceService.php(69): App\\Repositories\\Eloquents\\ServiceRepository->getServiceDetails('421')
#15 C:\\Works\\irhebo\\irhebo-backend\\app\\Http\\Controllers\\Api\\ServiceController.php(113): App\\Services\\ServiceService->getServiceDetails('421')
#16 C:\\Works\\irhebo\\irhebo-backend\\vendor\\laravel\\framework\\src\\Illuminate\\Routing\\ControllerDispatcher.php(47): App\\Http\\Controllers\\Api\\ServiceController->serviceDetails(Object(Illuminate\\Http\\Request), '421')
#17 C:\\Works\\irhebo\\irhebo-backend\\vendor\\laravel\\framework\\src\\Illuminate\\Routing\\Route.php(266): Illuminate\\Routing\\ControllerDispatcher->dispatch(Object(Illuminate\\Routing\\Route), Object(App\\Http\\Controllers\\Api\\ServiceController), 'serviceDetails')
#18 C:\\Works\\irhebo\\irhebo-backend\\vendor\\laravel\\framework\\src\\Illuminate\\Routing\\Route.php(212): Illuminate\\Routing\\Route->runController()
#19 C:\\Works\\irhebo\\irhebo-backend\\vendor\\laravel\\framework\\src\\Illuminate\\Routing\\Router.php(808): Illuminate\\Routing\\Route->run()
#20 C:\\Works\\irhebo\\irhebo-backend\\vendor\\laravel\\framework\\src\\Illuminate\\Pipeline\\Pipeline.php(144): Illuminate\\Routing\\Router->Illuminate\\Routing\\{closure}(Object(Illuminate\\Http\\Request))
#21 C:\\Works\\irhebo\\irhebo-backend\\app\\Http\\Middleware\\SetLocaleFromHeader.php(25): Illuminate\\Pipeline\\Pipeline->Illuminate\\Pipeline\\{closure}(Object(Illuminate\\Http\\Request))
#22 C:\\Works\\irhebo\\irhebo-backend\\vendor\\laravel\\framework\\src\\Illuminate\\Pipeline\\Pipeline.php(183): App\\Http\\Middleware\\SetLocaleFromHeader->handle(Object(Illuminate\\Http\\Request), Object(Closure))
#23 C:\\Works\\irhebo\\irhebo-backend\\vendor\\laravel\\framework\\src\\Illuminate\\Routing\\Middleware\\SubstituteBindings.php(51): Illuminate\\Pipeline\\Pipeline->Illuminate\\Pipeline\\{closure}(Object(Illuminate\\Http\\Request))
#24 C:\\Works\\irhebo\\irhebo-backend\\vendor\\laravel\\framework\\src\\Illuminate\\Pipeline\\Pipeline.php(183): Illuminate\\Routing\\Middleware\\SubstituteBindings->handle(Object(Illuminate\\Http\\Request), Object(Closure))
#25 C:\\Works\\irhebo\\irhebo-backend\\vendor\\laravel\\framework\\src\\Illuminate\\Pipeline\\Pipeline.php(119): Illuminate\\Pipeline\\Pipeline->Illuminate\\Pipeline\\{closure}(Object(Illuminate\\Http\\Request))
#26 C:\\Works\\irhebo\\irhebo-backend\\vendor\\laravel\\framework\\src\\Illuminate\\Routing\\Router.php(807): Illuminate\\Pipeline\\Pipeline->then(Object(Closure))
#27 C:\\Works\\irhebo\\irhebo-backend\\vendor\\laravel\\framework\\src\\Illuminate\\Routing\\Router.php(786): Illuminate\\Routing\\Router->runRouteWithinStack(Object(Illuminate\\Routing\\Route), Object(Illuminate\\Http\\Request))
#28 C:\\Works\\irhebo\\irhebo-backend\\vendor\\laravel\\framework\\src\\Illuminate\\Routing\\Router.php(750): Illuminate\\Routing\\Router->runRoute(Object(Illuminate\\Http\\Request), Object(Illuminate\\Routing\\Route))
#29 C:\\Works\\irhebo\\irhebo-backend\\vendor\\laravel\\framework\\src\\Illuminate\\Routing\\Router.php(739): Illuminate\\Routing\\Router->dispatchToRoute(Object(Illuminate\\Http\\Request))
#30 C:\\Works\\irhebo\\irhebo-backend\\vendor\\laravel\\framework\\src\\Illuminate\\Foundation\\Http\\Kernel.php(201): Illuminate\\Routing\\Router->dispatch(Object(Illuminate\\Http\\Request))
#31 C:\\Works\\irhebo\\irhebo-backend\\vendor\\laravel\\framework\\src\\Illuminate\\Pipeline\\Pipeline.php(144): Illuminate\\Foundation\\Http\\Kernel->Illuminate\\Foundation\\Http\\{closure}(Object(Illuminate\\Http\\Request))
#32 C:\\Works\\irhebo\\irhebo-backend\\vendor\\proengsoft\\laravel-jsvalidation\\src\\RemoteValidationMiddleware.php(61): Illuminate\\Pipeline\\Pipeline->Illuminate\\Pipeline\\{closure}(Object(Illuminate\\Http\\Request))
#33 C:\\Works\\irhebo\\irhebo-backend\\vendor\\laravel\\framework\\src\\Illuminate\\Pipeline\\Pipeline.php(183): Proengsoft\\JsValidation\\RemoteValidationMiddleware->handle(Object(Illuminate\\Http\\Request), Object(Closure))
#34 C:\\Works\\irhebo\\irhebo-backend\\vendor\\laravel\\framework\\src\\Illuminate\\Foundation\\Http\\Middleware\\TransformsRequest.php(21): Illuminate\\Pipeline\\Pipeline->Illuminate\\Pipeline\\{closure}(Object(Illuminate\\Http\\Request))
#35 C:\\Works\\irhebo\\irhebo-backend\\vendor\\laravel\\framework\\src\\Illuminate\\Foundation\\Http\\Middleware\\ConvertEmptyStringsToNull.php(31): Illuminate\\Foundation\\Http\\Middleware\\TransformsRequest->handle(Object(Illuminate\\Http\\Request), Object(Closure))
#36 C:\\Works\\irhebo\\irhebo-backend\\vendor\\laravel\\framework\\src\\Illuminate\\Pipeline\\Pipeline.php(183): Illuminate\\Foundation\\Http\\Middleware\\ConvertEmptyStringsToNull->handle(Object(Illuminate\\Http\\Request), Object(Closure))
#37 C:\\Works\\irhebo\\irhebo-backend\\vendor\\laravel\\framework\\src\\Illuminate\\Foundation\\Http\\Middleware\\TransformsRequest.php(21): Illuminate\\Pipeline\\Pipeline->Illuminate\\Pipeline\\{closure}(Object(Illuminate\\Http\\Request))
#38 C:\\Works\\irhebo\\irhebo-backend\\vendor\\laravel\\framework\\src\\Illuminate\\Foundation\\Http\\Middleware\\TrimStrings.php(51): Illuminate\\Foundation\\Http\\Middleware\\TransformsRequest->handle(Object(Illuminate\\Http\\Request), Object(Closure))
#39 C:\\Works\\irhebo\\irhebo-backend\\vendor\\laravel\\framework\\src\\Illuminate\\Pipeline\\Pipeline.php(183): Illuminate\\Foundation\\Http\\Middleware\\TrimStrings->handle(Object(Illuminate\\Http\\Request), Object(Closure))
#40 C:\\Works\\irhebo\\irhebo-backend\\vendor\\laravel\\framework\\src\\Illuminate\\Http\\Middleware\\ValidatePostSize.php(27): Illuminate\\Pipeline\\Pipeline->Illuminate\\Pipeline\\{closure}(Object(Illuminate\\Http\\Request))
#41 C:\\Works\\irhebo\\irhebo-backend\\vendor\\laravel\\framework\\src\\Illuminate\\Pipeline\\Pipeline.php(183): Illuminate\\Http\\Middleware\\ValidatePostSize->handle(Object(Illuminate\\Http\\Request), Object(Closure))
#42 C:\\Works\\irhebo\\irhebo-backend\\vendor\\laravel\\framework\\src\\Illuminate\\Foundation\\Http\\Middleware\\PreventRequestsDuringMaintenance.php(110): Illuminate\\Pipeline\\Pipeline->Illuminate\\Pipeline\\{closure}(Object(Illuminate\\Http\\Request))
#43 C:\\Works\\irhebo\\irhebo-backend\\vendor\\laravel\\framework\\src\\Illuminate\\Pipeline\\Pipeline.php(183): Illuminate\\Foundation\\Http\\Middleware\\PreventRequestsDuringMaintenance->handle(Object(Illuminate\\Http\\Request), Object(Closure))
#44 C:\\Works\\irhebo\\irhebo-backend\\vendor\\laravel\\framework\\src\\Illuminate\\Http\\Middleware\\HandleCors.php(62): Illuminate\\Pipeline\\Pipeline->Illuminate\\Pipeline\\{closure}(Object(Illuminate\\Http\\Request))
#45 C:\\Works\\irhebo\\irhebo-backend\\vendor\\laravel\\framework\\src\\Illuminate\\Pipeline\\Pipeline.php(183): Illuminate\\Http\\Middleware\\HandleCors->handle(Object(Illuminate\\Http\\Request), Object(Closure))
#46 C:\\Works\\irhebo\\irhebo-backend\\vendor\\laravel\\framework\\src\\Illuminate\\Http\\Middleware\\TrustProxies.php(58): Illuminate\\Pipeline\\Pipeline->Illuminate\\Pipeline\\{closure}(Object(Illuminate\\Http\\Request))
#47 C:\\Works\\irhebo\\irhebo-backend\\vendor\\laravel\\framework\\src\\Illuminate\\Pipeline\\Pipeline.php(183): Illuminate\\Http\\Middleware\\TrustProxies->handle(Object(Illuminate\\Http\\Request), Object(Closure))
#48 C:\\Works\\irhebo\\irhebo-backend\\vendor\\laravel\\framework\\src\\Illuminate\\Foundation\\Http\\Middleware\\InvokeDeferredCallbacks.php(22): Illuminate\\Pipeline\\Pipeline->Illuminate\\Pipeline\\{closure}(Object(Illuminate\\Http\\Request))
#49 C:\\Works\\irhebo\\irhebo-backend\\vendor\\laravel\\framework\\src\\Illuminate\\Pipeline\\Pipeline.php(183): Illuminate\\Foundation\\Http\\Middleware\\InvokeDeferredCallbacks->handle(Object(Illuminate\\Http\\Request), Object(Closure))
#50 C:\\Works\\irhebo\\irhebo-backend\\vendor\\laravel\\framework\\src\\Illuminate\\Pipeline\\Pipeline.php(119): Illuminate\\Pipeline\\Pipeline->Illuminate\\Pipeline\\{closure}(Object(Illuminate\\Http\\Request))
#51 C:\\Works\\irhebo\\irhebo-backend\\vendor\\laravel\\framework\\src\\Illuminate\\Foundation\\Http\\Kernel.php(176): Illuminate\\Pipeline\\Pipeline->then(Object(Closure))
#52 C:\\Works\\irhebo\\irhebo-backend\\vendor\\laravel\\framework\\src\\Illuminate\\Foundation\\Http\\Kernel.php(145): Illuminate\\Foundation\\Http\\Kernel->sendRequestThroughRouter(Object(Illuminate\\Http\\Request))
#53 C:\\Works\\irhebo\\irhebo-backend\\vendor\\laravel\\framework\\src\\Illuminate\\Foundation\\Application.php(1190): Illuminate\\Foundation\\Http\\Kernel->handle(Object(Illuminate\\Http\\Request))
#54 C:\\Works\\irhebo\\irhebo-backend\\public\\index.php(17): Illuminate\\Foundation\\Application->handleRequest(Object(Illuminate\\Http\\Request))
#55 C:\\Works\\irhebo\\irhebo-backend\\vendor\\laravel\\framework\\src\\Illuminate\\Foundation\\resources\\server.php(23): require_once('C:\\\\Works\\\\irhebo...')
#56 {main}
"} 
[2026-01-26 18:35:26] local.ERROR: The resource owner or authorization server denied the request. {"exception":"[object] (League\\OAuth2\\Server\\Exception\\OAuthServerException(code: 9): The resource owner or authorization server denied the request. at C:\\Works\\irhebo\\irhebo-backend\\vendor\\league\\oauth2-server\\src\\Exception\\OAuthServerException.php:243)
[stacktrace]
#0 C:\\Works\\irhebo\\irhebo-backend\\vendor\\league\\oauth2-server\\src\\AuthorizationValidators\\BearerTokenValidator.php(123): League\\OAuth2\\Server\\Exception\\OAuthServerException::accessDenied('Access token ha...')
#1 C:\\Works\\irhebo\\irhebo-backend\\vendor\\league\\oauth2-server\\src\\ResourceServer.php(84): League\\OAuth2\\Server\\AuthorizationValidators\\BearerTokenValidator->validateAuthorization(Object(Nyholm\\Psr7\\ServerRequest))
#2 C:\\Works\\irhebo\\irhebo-backend\\vendor\\laravel\\passport\\src\\Guards\\TokenGuard.php(232): League\\OAuth2\\Server\\ResourceServer->validateAuthenticatedRequest(Object(Nyholm\\Psr7\\ServerRequest))
#3 C:\\Works\\irhebo\\irhebo-backend\\vendor\\laravel\\passport\\src\\Guards\\TokenGuard.php(178): Laravel\\Passport\\Guards\\TokenGuard->getPsrRequestViaBearerToken(Object(Illuminate\\Http\\Request))
#4 C:\\Works\\irhebo\\irhebo-backend\\vendor\\laravel\\passport\\src\\Guards\\TokenGuard.php(120): Laravel\\Passport\\Guards\\TokenGuard->authenticateViaBearerToken(Object(Illuminate\\Http\\Request))
#5 C:\\Works\\irhebo\\irhebo-backend\\vendor\\laravel\\framework\\src\\Illuminate\\Auth\\GuardHelpers.php(76): Laravel\\Passport\\Guards\\TokenGuard->user()
#6 C:\\Works\\irhebo\\irhebo-backend\\app\\Traits\\BlockFilterTrait.php(13): Laravel\\Passport\\Guards\\TokenGuard->id()
#7 C:\\Works\\irhebo\\irhebo-backend\\vendor\\laravel\\framework\\src\\Illuminate\\Database\\Eloquent\\Builder.php(1429): App\\Models\\Service::App\\Traits\\{closure}(Object(Illuminate\\Database\\Eloquent\\Builder))
#8 C:\\Works\\irhebo\\irhebo-backend\\vendor\\laravel\\framework\\src\\Illuminate\\Database\\Eloquent\\Builder.php(1463): Illuminate\\Database\\Eloquent\\Builder->Illuminate\\Database\\Eloquent\\{closure}(Object(Illuminate\\Database\\Eloquent\\Builder))
#9 C:\\Works\\irhebo\\irhebo-backend\\vendor\\laravel\\framework\\src\\Illuminate\\Database\\Eloquent\\Builder.php(1424): Illuminate\\Database\\Eloquent\\Builder->callScope(Object(Closure))
#10 C:\\Works\\irhebo\\irhebo-backend\\vendor\\laravel\\framework\\src\\Illuminate\\Database\\Eloquent\\Builder.php(738): Illuminate\\Database\\Eloquent\\Builder->applyScopes()
#11 C:\\Works\\irhebo\\irhebo-backend\\vendor\\laravel\\framework\\src\\Illuminate\\Database\\Concerns\\BuildsQueries.php(344): Illuminate\\Database\\Eloquent\\Builder->get(Array)
#12 C:\\Works\\irhebo\\irhebo-backend\\vendor\\laravel\\framework\\src\\Illuminate\\Database\\Eloquent\\Builder.php(461): Illuminate\\Database\\Eloquent\\Builder->first(Array)
#13 C:\\Works\\irhebo\\irhebo-backend\\app\\Repositories\\Eloquents\\ServiceRepository.php(114): Illuminate\\Database\\Eloquent\\Builder->find('418')
#14 C:\\Works\\irhebo\\irhebo-backend\\app\\Services\\ServiceService.php(69): App\\Repositories\\Eloquents\\ServiceRepository->getServiceDetails('418')
#15 C:\\Works\\irhebo\\irhebo-backend\\app\\Http\\Controllers\\Api\\ServiceController.php(113): App\\Services\\ServiceService->getServiceDetails('418')
#16 C:\\Works\\irhebo\\irhebo-backend\\vendor\\laravel\\framework\\src\\Illuminate\\Routing\\ControllerDispatcher.php(47): App\\Http\\Controllers\\Api\\ServiceController->serviceDetails(Object(Illuminate\\Http\\Request), '418')
#17 C:\\Works\\irhebo\\irhebo-backend\\vendor\\laravel\\framework\\src\\Illuminate\\Routing\\Route.php(266): Illuminate\\Routing\\ControllerDispatcher->dispatch(Object(Illuminate\\Routing\\Route), Object(App\\Http\\Controllers\\Api\\ServiceController), 'serviceDetails')
#18 C:\\Works\\irhebo\\irhebo-backend\\vendor\\laravel\\framework\\src\\Illuminate\\Routing\\Route.php(212): Illuminate\\Routing\\Route->runController()
#19 C:\\Works\\irhebo\\irhebo-backend\\vendor\\laravel\\framework\\src\\Illuminate\\Routing\\Router.php(808): Illuminate\\Routing\\Route->run()
#20 C:\\Works\\irhebo\\irhebo-backend\\vendor\\laravel\\framework\\src\\Illuminate\\Pipeline\\Pipeline.php(144): Illuminate\\Routing\\Router->Illuminate\\Routing\\{closure}(Object(Illuminate\\Http\\Request))
#21 C:\\Works\\irhebo\\irhebo-backend\\app\\Http\\Middleware\\SetLocaleFromHeader.php(25): Illuminate\\Pipeline\\Pipeline->Illuminate\\Pipeline\\{closure}(Object(Illuminate\\Http\\Request))
#22 C:\\Works\\irhebo\\irhebo-backend\\vendor\\laravel\\framework\\src\\Illuminate\\Pipeline\\Pipeline.php(183): App\\Http\\Middleware\\SetLocaleFromHeader->handle(Object(Illuminate\\Http\\Request), Object(Closure))
#23 C:\\Works\\irhebo\\irhebo-backend\\vendor\\laravel\\framework\\src\\Illuminate\\Routing\\Middleware\\SubstituteBindings.php(51): Illuminate\\Pipeline\\Pipeline->Illuminate\\Pipeline\\{closure}(Object(Illuminate\\Http\\Request))
#24 C:\\Works\\irhebo\\irhebo-backend\\vendor\\laravel\\framework\\src\\Illuminate\\Pipeline\\Pipeline.php(183): Illuminate\\Routing\\Middleware\\SubstituteBindings->handle(Object(Illuminate\\Http\\Request), Object(Closure))
#25 C:\\Works\\irhebo\\irhebo-backend\\vendor\\laravel\\framework\\src\\Illuminate\\Pipeline\\Pipeline.php(119): Illuminate\\Pipeline\\Pipeline->Illuminate\\Pipeline\\{closure}(Object(Illuminate\\Http\\Request))
#26 C:\\Works\\irhebo\\irhebo-backend\\vendor\\laravel\\framework\\src\\Illuminate\\Routing\\Router.php(807): Illuminate\\Pipeline\\Pipeline->then(Object(Closure))
#27 C:\\Works\\irhebo\\irhebo-backend\\vendor\\laravel\\framework\\src\\Illuminate\\Routing\\Router.php(786): Illuminate\\Routing\\Router->runRouteWithinStack(Object(Illuminate\\Routing\\Route), Object(Illuminate\\Http\\Request))
#28 C:\\Works\\irhebo\\irhebo-backend\\vendor\\laravel\\framework\\src\\Illuminate\\Routing\\Router.php(750): Illuminate\\Routing\\Router->runRoute(Object(Illuminate\\Http\\Request), Object(Illuminate\\Routing\\Route))
#29 C:\\Works\\irhebo\\irhebo-backend\\vendor\\laravel\\framework\\src\\Illuminate\\Routing\\Router.php(739): Illuminate\\Routing\\Router->dispatchToRoute(Object(Illuminate\\Http\\Request))
#30 C:\\Works\\irhebo\\irhebo-backend\\vendor\\laravel\\framework\\src\\Illuminate\\Foundation\\Http\\Kernel.php(201): Illuminate\\Routing\\Router->dispatch(Object(Illuminate\\Http\\Request))
#31 C:\\Works\\irhebo\\irhebo-backend\\vendor\\laravel\\framework\\src\\Illuminate\\Pipeline\\Pipeline.php(144): Illuminate\\Foundation\\Http\\Kernel->Illuminate\\Foundation\\Http\\{closure}(Object(Illuminate\\Http\\Request))
#32 C:\\Works\\irhebo\\irhebo-backend\\vendor\\proengsoft\\laravel-jsvalidation\\src\\RemoteValidationMiddleware.php(61): Illuminate\\Pipeline\\Pipeline->Illuminate\\Pipeline\\{closure}(Object(Illuminate\\Http\\Request))
#33 C:\\Works\\irhebo\\irhebo-backend\\vendor\\laravel\\framework\\src\\Illuminate\\Pipeline\\Pipeline.php(183): Proengsoft\\JsValidation\\RemoteValidationMiddleware->handle(Object(Illuminate\\Http\\Request), Object(Closure))
#34 C:\\Works\\irhebo\\irhebo-backend\\vendor\\laravel\\framework\\src\\Illuminate\\Foundation\\Http\\Middleware\\TransformsRequest.php(21): Illuminate\\Pipeline\\Pipeline->Illuminate\\Pipeline\\{closure}(Object(Illuminate\\Http\\Request))
#35 C:\\Works\\irhebo\\irhebo-backend\\vendor\\laravel\\framework\\src\\Illuminate\\Foundation\\Http\\Middleware\\ConvertEmptyStringsToNull.php(31): Illuminate\\Foundation\\Http\\Middleware\\TransformsRequest->handle(Object(Illuminate\\Http\\Request), Object(Closure))
#36 C:\\Works\\irhebo\\irhebo-backend\\vendor\\laravel\\framework\\src\\Illuminate\\Pipeline\\Pipeline.php(183): Illuminate\\Foundation\\Http\\Middleware\\ConvertEmptyStringsToNull->handle(Object(Illuminate\\Http\\Request), Object(Closure))
#37 C:\\Works\\irhebo\\irhebo-backend\\vendor\\laravel\\framework\\src\\Illuminate\\Foundation\\Http\\Middleware\\TransformsRequest.php(21): Illuminate\\Pipeline\\Pipeline->Illuminate\\Pipeline\\{closure}(Object(Illuminate\\Http\\Request))
#38 C:\\Works\\irhebo\\irhebo-backend\\vendor\\laravel\\framework\\src\\Illuminate\\Foundation\\Http\\Middleware\\TrimStrings.php(51): Illuminate\\Foundation\\Http\\Middleware\\TransformsRequest->handle(Object(Illuminate\\Http\\Request), Object(Closure))
#39 C:\\Works\\irhebo\\irhebo-backend\\vendor\\laravel\\framework\\src\\Illuminate\\Pipeline\\Pipeline.php(183): Illuminate\\Foundation\\Http\\Middleware\\TrimStrings->handle(Object(Illuminate\\Http\\Request), Object(Closure))
#40 C:\\Works\\irhebo\\irhebo-backend\\vendor\\laravel\\framework\\src\\Illuminate\\Http\\Middleware\\ValidatePostSize.php(27): Illuminate\\Pipeline\\Pipeline->Illuminate\\Pipeline\\{closure}(Object(Illuminate\\Http\\Request))
#41 C:\\Works\\irhebo\\irhebo-backend\\vendor\\laravel\\framework\\src\\Illuminate\\Pipeline\\Pipeline.php(183): Illuminate\\Http\\Middleware\\ValidatePostSize->handle(Object(Illuminate\\Http\\Request), Object(Closure))
#42 C:\\Works\\irhebo\\irhebo-backend\\vendor\\laravel\\framework\\src\\Illuminate\\Foundation\\Http\\Middleware\\PreventRequestsDuringMaintenance.php(110): Illuminate\\Pipeline\\Pipeline->Illuminate\\Pipeline\\{closure}(Object(Illuminate\\Http\\Request))
#43 C:\\Works\\irhebo\\irhebo-backend\\vendor\\laravel\\framework\\src\\Illuminate\\Pipeline\\Pipeline.php(183): Illuminate\\Foundation\\Http\\Middleware\\PreventRequestsDuringMaintenance->handle(Object(Illuminate\\Http\\Request), Object(Closure))
#44 C:\\Works\\irhebo\\irhebo-backend\\vendor\\laravel\\framework\\src\\Illuminate\\Http\\Middleware\\HandleCors.php(62): Illuminate\\Pipeline\\Pipeline->Illuminate\\Pipeline\\{closure}(Object(Illuminate\\Http\\Request))
#45 C:\\Works\\irhebo\\irhebo-backend\\vendor\\laravel\\framework\\src\\Illuminate\\Pipeline\\Pipeline.php(183): Illuminate\\Http\\Middleware\\HandleCors->handle(Object(Illuminate\\Http\\Request), Object(Closure))
#46 C:\\Works\\irhebo\\irhebo-backend\\vendor\\laravel\\framework\\src\\Illuminate\\Http\\Middleware\\TrustProxies.php(58): Illuminate\\Pipeline\\Pipeline->Illuminate\\Pipeline\\{closure}(Object(Illuminate\\Http\\Request))
#47 C:\\Works\\irhebo\\irhebo-backend\\vendor\\laravel\\framework\\src\\Illuminate\\Pipeline\\Pipeline.php(183): Illuminate\\Http\\Middleware\\TrustProxies->handle(Object(Illuminate\\Http\\Request), Object(Closure))
#48 C:\\Works\\irhebo\\irhebo-backend\\vendor\\laravel\\framework\\src\\Illuminate\\Foundation\\Http\\Middleware\\InvokeDeferredCallbacks.php(22): Illuminate\\Pipeline\\Pipeline->Illuminate\\Pipeline\\{closure}(Object(Illuminate\\Http\\Request))
#49 C:\\Works\\irhebo\\irhebo-backend\\vendor\\laravel\\framework\\src\\Illuminate\\Pipeline\\Pipeline.php(183): Illuminate\\Foundation\\Http\\Middleware\\InvokeDeferredCallbacks->handle(Object(Illuminate\\Http\\Request), Object(Closure))
#50 C:\\Works\\irhebo\\irhebo-backend\\vendor\\laravel\\framework\\src\\Illuminate\\Pipeline\\Pipeline.php(119): Illuminate\\Pipeline\\Pipeline->Illuminate\\Pipeline\\{closure}(Object(Illuminate\\Http\\Request))
#51 C:\\Works\\irhebo\\irhebo-backend\\vendor\\laravel\\framework\\src\\Illuminate\\Foundation\\Http\\Kernel.php(176): Illuminate\\Pipeline\\Pipeline->then(Object(Closure))
#52 C:\\Works\\irhebo\\irhebo-backend\\vendor\\laravel\\framework\\src\\Illuminate\\Foundation\\Http\\Kernel.php(145): Illuminate\\Foundation\\Http\\Kernel->sendRequestThroughRouter(Object(Illuminate\\Http\\Request))
#53 C:\\Works\\irhebo\\irhebo-backend\\vendor\\laravel\\framework\\src\\Illuminate\\Foundation\\Application.php(1190): Illuminate\\Foundation\\Http\\Kernel->handle(Object(Illuminate\\Http\\Request))
#54 C:\\Works\\irhebo\\irhebo-backend\\public\\index.php(17): Illuminate\\Foundation\\Application->handleRequest(Object(Illuminate\\Http\\Request))
#55 C:\\Works\\irhebo\\irhebo-backend\\vendor\\laravel\\framework\\src\\Illuminate\\Foundation\\resources\\server.php(23): require_once('C:\\\\Works\\\\irhebo...')
#56 {main}
"} 
[2026-01-26 18:39:15] local.ERROR: The resource owner or authorization server denied the request. {"exception":"[object] (League\\OAuth2\\Server\\Exception\\OAuthServerException(code: 9): The resource owner or authorization server denied the request. at C:\\Works\\irhebo\\irhebo-backend\\vendor\\league\\oauth2-server\\src\\Exception\\OAuthServerException.php:243)
[stacktrace]
#0 C:\\Works\\irhebo\\irhebo-backend\\vendor\\league\\oauth2-server\\src\\AuthorizationValidators\\BearerTokenValidator.php(123): League\\OAuth2\\Server\\Exception\\OAuthServerException::accessDenied('Access token ha...')
#1 C:\\Works\\irhebo\\irhebo-backend\\vendor\\league\\oauth2-server\\src\\ResourceServer.php(84): League\\OAuth2\\Server\\AuthorizationValidators\\BearerTokenValidator->validateAuthorization(Object(Nyholm\\Psr7\\ServerRequest))
#2 C:\\Works\\irhebo\\irhebo-backend\\vendor\\laravel\\passport\\src\\Guards\\TokenGuard.php(232): League\\OAuth2\\Server\\ResourceServer->validateAuthenticatedRequest(Object(Nyholm\\Psr7\\ServerRequest))
#3 C:\\Works\\irhebo\\irhebo-backend\\vendor\\laravel\\passport\\src\\Guards\\TokenGuard.php(178): Laravel\\Passport\\Guards\\TokenGuard->getPsrRequestViaBearerToken(Object(Illuminate\\Http\\Request))
#4 C:\\Works\\irhebo\\irhebo-backend\\vendor\\laravel\\passport\\src\\Guards\\TokenGuard.php(120): Laravel\\Passport\\Guards\\TokenGuard->authenticateViaBearerToken(Object(Illuminate\\Http\\Request))
#5 C:\\Works\\irhebo\\irhebo-backend\\vendor\\laravel\\framework\\src\\Illuminate\\Auth\\GuardHelpers.php(76): Laravel\\Passport\\Guards\\TokenGuard->user()
#6 C:\\Works\\irhebo\\irhebo-backend\\app\\Traits\\BlockFilterTrait.php(13): Laravel\\Passport\\Guards\\TokenGuard->id()
#7 C:\\Works\\irhebo\\irhebo-backend\\vendor\\laravel\\framework\\src\\Illuminate\\Database\\Eloquent\\Builder.php(1429): App\\Models\\Service::App\\Traits\\{closure}(Object(Illuminate\\Database\\Eloquent\\Builder))
#8 C:\\Works\\irhebo\\irhebo-backend\\vendor\\laravel\\framework\\src\\Illuminate\\Database\\Eloquent\\Builder.php(1463): Illuminate\\Database\\Eloquent\\Builder->Illuminate\\Database\\Eloquent\\{closure}(Object(Illuminate\\Database\\Eloquent\\Builder))
#9 C:\\Works\\irhebo\\irhebo-backend\\vendor\\laravel\\framework\\src\\Illuminate\\Database\\Eloquent\\Builder.php(1424): Illuminate\\Database\\Eloquent\\Builder->callScope(Object(Closure))
#10 C:\\Works\\irhebo\\irhebo-backend\\vendor\\laravel\\framework\\src\\Illuminate\\Database\\Eloquent\\Builder.php(738): Illuminate\\Database\\Eloquent\\Builder->applyScopes()
#11 C:\\Works\\irhebo\\irhebo-backend\\vendor\\laravel\\framework\\src\\Illuminate\\Database\\Concerns\\BuildsQueries.php(344): Illuminate\\Database\\Eloquent\\Builder->get(Array)
#12 C:\\Works\\irhebo\\irhebo-backend\\vendor\\laravel\\framework\\src\\Illuminate\\Database\\Eloquent\\Builder.php(461): Illuminate\\Database\\Eloquent\\Builder->first(Array)
#13 C:\\Works\\irhebo\\irhebo-backend\\app\\Repositories\\Eloquents\\ServiceRepository.php(114): Illuminate\\Database\\Eloquent\\Builder->find('418')
#14 C:\\Works\\irhebo\\irhebo-backend\\app\\Services\\ServiceService.php(69): App\\Repositories\\Eloquents\\ServiceRepository->getServiceDetails('418')
#15 C:\\Works\\irhebo\\irhebo-backend\\app\\Http\\Controllers\\Api\\ServiceController.php(113): App\\Services\\ServiceService->getServiceDetails('418')
#16 C:\\Works\\irhebo\\irhebo-backend\\vendor\\laravel\\framework\\src\\Illuminate\\Routing\\ControllerDispatcher.php(47): App\\Http\\Controllers\\Api\\ServiceController->serviceDetails(Object(Illuminate\\Http\\Request), '418')
#17 C:\\Works\\irhebo\\irhebo-backend\\vendor\\laravel\\framework\\src\\Illuminate\\Routing\\Route.php(266): Illuminate\\Routing\\ControllerDispatcher->dispatch(Object(Illuminate\\Routing\\Route), Object(App\\Http\\Controllers\\Api\\ServiceController), 'serviceDetails')
#18 C:\\Works\\irhebo\\irhebo-backend\\vendor\\laravel\\framework\\src\\Illuminate\\Routing\\Route.php(212): Illuminate\\Routing\\Route->runController()
#19 C:\\Works\\irhebo\\irhebo-backend\\vendor\\laravel\\framework\\src\\Illuminate\\Routing\\Router.php(808): Illuminate\\Routing\\Route->run()
#20 C:\\Works\\irhebo\\irhebo-backend\\vendor\\laravel\\framework\\src\\Illuminate\\Pipeline\\Pipeline.php(144): Illuminate\\Routing\\Router->Illuminate\\Routing\\{closure}(Object(Illuminate\\Http\\Request))
#21 C:\\Works\\irhebo\\irhebo-backend\\app\\Http\\Middleware\\SetLocaleFromHeader.php(25): Illuminate\\Pipeline\\Pipeline->Illuminate\\Pipeline\\{closure}(Object(Illuminate\\Http\\Request))
#22 C:\\Works\\irhebo\\irhebo-backend\\vendor\\laravel\\framework\\src\\Illuminate\\Pipeline\\Pipeline.php(183): App\\Http\\Middleware\\SetLocaleFromHeader->handle(Object(Illuminate\\Http\\Request), Object(Closure))
#23 C:\\Works\\irhebo\\irhebo-backend\\vendor\\laravel\\framework\\src\\Illuminate\\Routing\\Middleware\\SubstituteBindings.php(51): Illuminate\\Pipeline\\Pipeline->Illuminate\\Pipeline\\{closure}(Object(Illuminate\\Http\\Request))
#24 C:\\Works\\irhebo\\irhebo-backend\\vendor\\laravel\\framework\\src\\Illuminate\\Pipeline\\Pipeline.php(183): Illuminate\\Routing\\Middleware\\SubstituteBindings->handle(Object(Illuminate\\Http\\Request), Object(Closure))
#25 C:\\Works\\irhebo\\irhebo-backend\\vendor\\laravel\\framework\\src\\Illuminate\\Pipeline\\Pipeline.php(119): Illuminate\\Pipeline\\Pipeline->Illuminate\\Pipeline\\{closure}(Object(Illuminate\\Http\\Request))
#26 C:\\Works\\irhebo\\irhebo-backend\\vendor\\laravel\\framework\\src\\Illuminate\\Routing\\Router.php(807): Illuminate\\Pipeline\\Pipeline->then(Object(Closure))
#27 C:\\Works\\irhebo\\irhebo-backend\\vendor\\laravel\\framework\\src\\Illuminate\\Routing\\Router.php(786): Illuminate\\Routing\\Router->runRouteWithinStack(Object(Illuminate\\Routing\\Route), Object(Illuminate\\Http\\Request))
#28 C:\\Works\\irhebo\\irhebo-backend\\vendor\\laravel\\framework\\src\\Illuminate\\Routing\\Router.php(750): Illuminate\\Routing\\Router->runRoute(Object(Illuminate\\Http\\Request), Object(Illuminate\\Routing\\Route))
#29 C:\\Works\\irhebo\\irhebo-backend\\vendor\\laravel\\framework\\src\\Illuminate\\Routing\\Router.php(739): Illuminate\\Routing\\Router->dispatchToRoute(Object(Illuminate\\Http\\Request))
#30 C:\\Works\\irhebo\\irhebo-backend\\vendor\\laravel\\framework\\src\\Illuminate\\Foundation\\Http\\Kernel.php(201): Illuminate\\Routing\\Router->dispatch(Object(Illuminate\\Http\\Request))
#31 C:\\Works\\irhebo\\irhebo-backend\\vendor\\laravel\\framework\\src\\Illuminate\\Pipeline\\Pipeline.php(144): Illuminate\\Foundation\\Http\\Kernel->Illuminate\\Foundation\\Http\\{closure}(Object(Illuminate\\Http\\Request))
#32 C:\\Works\\irhebo\\irhebo-backend\\vendor\\proengsoft\\laravel-jsvalidation\\src\\RemoteValidationMiddleware.php(61): Illuminate\\Pipeline\\Pipeline->Illuminate\\Pipeline\\{closure}(Object(Illuminate\\Http\\Request))
#33 C:\\Works\\irhebo\\irhebo-backend\\vendor\\laravel\\framework\\src\\Illuminate\\Pipeline\\Pipeline.php(183): Proengsoft\\JsValidation\\RemoteValidationMiddleware->handle(Object(Illuminate\\Http\\Request), Object(Closure))
#34 C:\\Works\\irhebo\\irhebo-backend\\vendor\\laravel\\framework\\src\\Illuminate\\Foundation\\Http\\Middleware\\TransformsRequest.php(21): Illuminate\\Pipeline\\Pipeline->Illuminate\\Pipeline\\{closure}(Object(Illuminate\\Http\\Request))
#35 C:\\Works\\irhebo\\irhebo-backend\\vendor\\laravel\\framework\\src\\Illuminate\\Foundation\\Http\\Middleware\\ConvertEmptyStringsToNull.php(31): Illuminate\\Foundation\\Http\\Middleware\\TransformsRequest->handle(Object(Illuminate\\Http\\Request), Object(Closure))
#36 C:\\Works\\irhebo\\irhebo-backend\\vendor\\laravel\\framework\\src\\Illuminate\\Pipeline\\Pipeline.php(183): Illuminate\\Foundation\\Http\\Middleware\\ConvertEmptyStringsToNull->handle(Object(Illuminate\\Http\\Request), Object(Closure))
#37 C:\\Works\\irhebo\\irhebo-backend\\vendor\\laravel\\framework\\src\\Illuminate\\Foundation\\Http\\Middleware\\TransformsRequest.php(21): Illuminate\\Pipeline\\Pipeline->Illuminate\\Pipeline\\{closure}(Object(Illuminate\\Http\\Request))
#38 C:\\Works\\irhebo\\irhebo-backend\\vendor\\laravel\\framework\\src\\Illuminate\\Foundation\\Http\\Middleware\\TrimStrings.php(51): Illuminate\\Foundation\\Http\\Middleware\\TransformsRequest->handle(Object(Illuminate\\Http\\Request), Object(Closure))
#39 C:\\Works\\irhebo\\irhebo-backend\\vendor\\laravel\\framework\\src\\Illuminate\\Pipeline\\Pipeline.php(183): Illuminate\\Foundation\\Http\\Middleware\\TrimStrings->handle(Object(Illuminate\\Http\\Request), Object(Closure))
#40 C:\\Works\\irhebo\\irhebo-backend\\vendor\\laravel\\framework\\src\\Illuminate\\Http\\Middleware\\ValidatePostSize.php(27): Illuminate\\Pipeline\\Pipeline->Illuminate\\Pipeline\\{closure}(Object(Illuminate\\Http\\Request))
#41 C:\\Works\\irhebo\\irhebo-backend\\vendor\\laravel\\framework\\src\\Illuminate\\Pipeline\\Pipeline.php(183): Illuminate\\Http\\Middleware\\ValidatePostSize->handle(Object(Illuminate\\Http\\Request), Object(Closure))
#42 C:\\Works\\irhebo\\irhebo-backend\\vendor\\laravel\\framework\\src\\Illuminate\\Foundation\\Http\\Middleware\\PreventRequestsDuringMaintenance.php(110): Illuminate\\Pipeline\\Pipeline->Illuminate\\Pipeline\\{closure}(Object(Illuminate\\Http\\Request))
#43 C:\\Works\\irhebo\\irhebo-backend\\vendor\\laravel\\framework\\src\\Illuminate\\Pipeline\\Pipeline.php(183): Illuminate\\Foundation\\Http\\Middleware\\PreventRequestsDuringMaintenance->handle(Object(Illuminate\\Http\\Request), Object(Closure))
#44 C:\\Works\\irhebo\\irhebo-backend\\vendor\\laravel\\framework\\src\\Illuminate\\Http\\Middleware\\HandleCors.php(62): Illuminate\\Pipeline\\Pipeline->Illuminate\\Pipeline\\{closure}(Object(Illuminate\\Http\\Request))
#45 C:\\Works\\irhebo\\irhebo-backend\\vendor\\laravel\\framework\\src\\Illuminate\\Pipeline\\Pipeline.php(183): Illuminate\\Http\\Middleware\\HandleCors->handle(Object(Illuminate\\Http\\Request), Object(Closure))
#46 C:\\Works\\irhebo\\irhebo-backend\\vendor\\laravel\\framework\\src\\Illuminate\\Http\\Middleware\\TrustProxies.php(58): Illuminate\\Pipeline\\Pipeline->Illuminate\\Pipeline\\{closure}(Object(Illuminate\\Http\\Request))
#47 C:\\Works\\irhebo\\irhebo-backend\\vendor\\laravel\\framework\\src\\Illuminate\\Pipeline\\Pipeline.php(183): Illuminate\\Http\\Middleware\\TrustProxies->handle(Object(Illuminate\\Http\\Request), Object(Closure))
#48 C:\\Works\\irhebo\\irhebo-backend\\vendor\\laravel\\framework\\src\\Illuminate\\Foundation\\Http\\Middleware\\InvokeDeferredCallbacks.php(22): Illuminate\\Pipeline\\Pipeline->Illuminate\\Pipeline\\{closure}(Object(Illuminate\\Http\\Request))
#49 C:\\Works\\irhebo\\irhebo-backend\\vendor\\laravel\\framework\\src\\Illuminate\\Pipeline\\Pipeline.php(183): Illuminate\\Foundation\\Http\\Middleware\\InvokeDeferredCallbacks->handle(Object(Illuminate\\Http\\Request), Object(Closure))
#50 C:\\Works\\irhebo\\irhebo-backend\\vendor\\laravel\\framework\\src\\Illuminate\\Pipeline\\Pipeline.php(119): Illuminate\\Pipeline\\Pipeline->Illuminate\\Pipeline\\{closure}(Object(Illuminate\\Http\\Request))
#51 C:\\Works\\irhebo\\irhebo-backend\\vendor\\laravel\\framework\\src\\Illuminate\\Foundation\\Http\\Kernel.php(176): Illuminate\\Pipeline\\Pipeline->then(Object(Closure))
#52 C:\\Works\\irhebo\\irhebo-backend\\vendor\\laravel\\framework\\src\\Illuminate\\Foundation\\Http\\Kernel.php(145): Illuminate\\Foundation\\Http\\Kernel->sendRequestThroughRouter(Object(Illuminate\\Http\\Request))
#53 C:\\Works\\irhebo\\irhebo-backend\\vendor\\laravel\\framework\\src\\Illuminate\\Foundation\\Application.php(1190): Illuminate\\Foundation\\Http\\Kernel->handle(Object(Illuminate\\Http\\Request))
#54 C:\\Works\\irhebo\\irhebo-backend\\public\\index.php(17): Illuminate\\Foundation\\Application->handleRequest(Object(Illuminate\\Http\\Request))
#55 C:\\Works\\irhebo\\irhebo-backend\\vendor\\laravel\\framework\\src\\Illuminate\\Foundation\\resources\\server.php(23): require_once('C:\\\\Works\\\\irhebo...')
#56 {main}
"} 
[2026-01-26 18:39:46] local.ERROR: The resource owner or authorization server denied the request. {"exception":"[object] (League\\OAuth2\\Server\\Exception\\OAuthServerException(code: 9): The resource owner or authorization server denied the request. at C:\\Works\\irhebo\\irhebo-backend\\vendor\\league\\oauth2-server\\src\\Exception\\OAuthServerException.php:243)
[stacktrace]
#0 C:\\Works\\irhebo\\irhebo-backend\\vendor\\league\\oauth2-server\\src\\AuthorizationValidators\\BearerTokenValidator.php(123): League\\OAuth2\\Server\\Exception\\OAuthServerException::accessDenied('Access token ha...')
#1 C:\\Works\\irhebo\\irhebo-backend\\vendor\\league\\oauth2-server\\src\\ResourceServer.php(84): League\\OAuth2\\Server\\AuthorizationValidators\\BearerTokenValidator->validateAuthorization(Object(Nyholm\\Psr7\\ServerRequest))
#2 C:\\Works\\irhebo\\irhebo-backend\\vendor\\laravel\\passport\\src\\Guards\\TokenGuard.php(232): League\\OAuth2\\Server\\ResourceServer->validateAuthenticatedRequest(Object(Nyholm\\Psr7\\ServerRequest))
#3 C:\\Works\\irhebo\\irhebo-backend\\vendor\\laravel\\passport\\src\\Guards\\TokenGuard.php(178): Laravel\\Passport\\Guards\\TokenGuard->getPsrRequestViaBearerToken(Object(Illuminate\\Http\\Request))
#4 C:\\Works\\irhebo\\irhebo-backend\\vendor\\laravel\\passport\\src\\Guards\\TokenGuard.php(120): Laravel\\Passport\\Guards\\TokenGuard->authenticateViaBearerToken(Object(Illuminate\\Http\\Request))
#5 C:\\Works\\irhebo\\irhebo-backend\\vendor\\laravel\\framework\\src\\Illuminate\\Auth\\GuardHelpers.php(76): Laravel\\Passport\\Guards\\TokenGuard->user()
#6 C:\\Works\\irhebo\\irhebo-backend\\app\\Traits\\BlockFilterTrait.php(13): Laravel\\Passport\\Guards\\TokenGuard->id()
#7 C:\\Works\\irhebo\\irhebo-backend\\vendor\\laravel\\framework\\src\\Illuminate\\Database\\Eloquent\\Builder.php(1429): App\\Models\\Service::App\\Traits\\{closure}(Object(Illuminate\\Database\\Eloquent\\Builder))
#8 C:\\Works\\irhebo\\irhebo-backend\\vendor\\laravel\\framework\\src\\Illuminate\\Database\\Eloquent\\Builder.php(1463): Illuminate\\Database\\Eloquent\\Builder->Illuminate\\Database\\Eloquent\\{closure}(Object(Illuminate\\Database\\Eloquent\\Builder))
#9 C:\\Works\\irhebo\\irhebo-backend\\vendor\\laravel\\framework\\src\\Illuminate\\Database\\Eloquent\\Builder.php(1424): Illuminate\\Database\\Eloquent\\Builder->callScope(Object(Closure))
#10 C:\\Works\\irhebo\\irhebo-backend\\vendor\\laravel\\framework\\src\\Illuminate\\Database\\Eloquent\\Builder.php(738): Illuminate\\Database\\Eloquent\\Builder->applyScopes()
#11 C:\\Works\\irhebo\\irhebo-backend\\vendor\\laravel\\framework\\src\\Illuminate\\Database\\Concerns\\BuildsQueries.php(344): Illuminate\\Database\\Eloquent\\Builder->get(Array)
#12 C:\\Works\\irhebo\\irhebo-backend\\vendor\\laravel\\framework\\src\\Illuminate\\Database\\Eloquent\\Builder.php(461): Illuminate\\Database\\Eloquent\\Builder->first(Array)
#13 C:\\Works\\irhebo\\irhebo-backend\\app\\Repositories\\Eloquents\\ServiceRepository.php(114): Illuminate\\Database\\Eloquent\\Builder->find('419')
#14 C:\\Works\\irhebo\\irhebo-backend\\app\\Services\\ServiceService.php(69): App\\Repositories\\Eloquents\\ServiceRepository->getServiceDetails('419')
#15 C:\\Works\\irhebo\\irhebo-backend\\app\\Http\\Controllers\\Api\\ServiceController.php(113): App\\Services\\ServiceService->getServiceDetails('419')
#16 C:\\Works\\irhebo\\irhebo-backend\\vendor\\laravel\\framework\\src\\Illuminate\\Routing\\ControllerDispatcher.php(47): App\\Http\\Controllers\\Api\\ServiceController->serviceDetails(Object(Illuminate\\Http\\Request), '419')
#17 C:\\Works\\irhebo\\irhebo-backend\\vendor\\laravel\\framework\\src\\Illuminate\\Routing\\Route.php(266): Illuminate\\Routing\\ControllerDispatcher->dispatch(Object(Illuminate\\Routing\\Route), Object(App\\Http\\Controllers\\Api\\ServiceController), 'serviceDetails')
#18 C:\\Works\\irhebo\\irhebo-backend\\vendor\\laravel\\framework\\src\\Illuminate\\Routing\\Route.php(212): Illuminate\\Routing\\Route->runController()
#19 C:\\Works\\irhebo\\irhebo-backend\\vendor\\laravel\\framework\\src\\Illuminate\\Routing\\Router.php(808): Illuminate\\Routing\\Route->run()
#20 C:\\Works\\irhebo\\irhebo-backend\\vendor\\laravel\\framework\\src\\Illuminate\\Pipeline\\Pipeline.php(144): Illuminate\\Routing\\Router->Illuminate\\Routing\\{closure}(Object(Illuminate\\Http\\Request))
#21 C:\\Works\\irhebo\\irhebo-backend\\app\\Http\\Middleware\\SetLocaleFromHeader.php(25): Illuminate\\Pipeline\\Pipeline->Illuminate\\Pipeline\\{closure}(Object(Illuminate\\Http\\Request))
#22 C:\\Works\\irhebo\\irhebo-backend\\vendor\\laravel\\framework\\src\\Illuminate\\Pipeline\\Pipeline.php(183): App\\Http\\Middleware\\SetLocaleFromHeader->handle(Object(Illuminate\\Http\\Request), Object(Closure))
#23 C:\\Works\\irhebo\\irhebo-backend\\vendor\\laravel\\framework\\src\\Illuminate\\Routing\\Middleware\\SubstituteBindings.php(51): Illuminate\\Pipeline\\Pipeline->Illuminate\\Pipeline\\{closure}(Object(Illuminate\\Http\\Request))
#24 C:\\Works\\irhebo\\irhebo-backend\\vendor\\laravel\\framework\\src\\Illuminate\\Pipeline\\Pipeline.php(183): Illuminate\\Routing\\Middleware\\SubstituteBindings->handle(Object(Illuminate\\Http\\Request), Object(Closure))
#25 C:\\Works\\irhebo\\irhebo-backend\\vendor\\laravel\\framework\\src\\Illuminate\\Pipeline\\Pipeline.php(119): Illuminate\\Pipeline\\Pipeline->Illuminate\\Pipeline\\{closure}(Object(Illuminate\\Http\\Request))
#26 C:\\Works\\irhebo\\irhebo-backend\\vendor\\laravel\\framework\\src\\Illuminate\\Routing\\Router.php(807): Illuminate\\Pipeline\\Pipeline->then(Object(Closure))
#27 C:\\Works\\irhebo\\irhebo-backend\\vendor\\laravel\\framework\\src\\Illuminate\\Routing\\Router.php(786): Illuminate\\Routing\\Router->runRouteWithinStack(Object(Illuminate\\Routing\\Route), Object(Illuminate\\Http\\Request))
#28 C:\\Works\\irhebo\\irhebo-backend\\vendor\\laravel\\framework\\src\\Illuminate\\Routing\\Router.php(750): Illuminate\\Routing\\Router->runRoute(Object(Illuminate\\Http\\Request), Object(Illuminate\\Routing\\Route))
#29 C:\\Works\\irhebo\\irhebo-backend\\vendor\\laravel\\framework\\src\\Illuminate\\Routing\\Router.php(739): Illuminate\\Routing\\Router->dispatchToRoute(Object(Illuminate\\Http\\Request))
#30 C:\\Works\\irhebo\\irhebo-backend\\vendor\\laravel\\framework\\src\\Illuminate\\Foundation\\Http\\Kernel.php(201): Illuminate\\Routing\\Router->dispatch(Object(Illuminate\\Http\\Request))
#31 C:\\Works\\irhebo\\irhebo-backend\\vendor\\laravel\\framework\\src\\Illuminate\\Pipeline\\Pipeline.php(144): Illuminate\\Foundation\\Http\\Kernel->Illuminate\\Foundation\\Http\\{closure}(Object(Illuminate\\Http\\Request))
#32 C:\\Works\\irhebo\\irhebo-backend\\vendor\\proengsoft\\laravel-jsvalidation\\src\\RemoteValidationMiddleware.php(61): Illuminate\\Pipeline\\Pipeline->Illuminate\\Pipeline\\{closure}(Object(Illuminate\\Http\\Request))
#33 C:\\Works\\irhebo\\irhebo-backend\\vendor\\laravel\\framework\\src\\Illuminate\\Pipeline\\Pipeline.php(183): Proengsoft\\JsValidation\\RemoteValidationMiddleware->handle(Object(Illuminate\\Http\\Request), Object(Closure))
#34 C:\\Works\\irhebo\\irhebo-backend\\vendor\\laravel\\framework\\src\\Illuminate\\Foundation\\Http\\Middleware\\TransformsRequest.php(21): Illuminate\\Pipeline\\Pipeline->Illuminate\\Pipeline\\{closure}(Object(Illuminate\\Http\\Request))
#35 C:\\Works\\irhebo\\irhebo-backend\\vendor\\laravel\\framework\\src\\Illuminate\\Foundation\\Http\\Middleware\\ConvertEmptyStringsToNull.php(31): Illuminate\\Foundation\\Http\\Middleware\\TransformsRequest->handle(Object(Illuminate\\Http\\Request), Object(Closure))
#36 C:\\Works\\irhebo\\irhebo-backend\\vendor\\laravel\\framework\\src\\Illuminate\\Pipeline\\Pipeline.php(183): Illuminate\\Foundation\\Http\\Middleware\\ConvertEmptyStringsToNull->handle(Object(Illuminate\\Http\\Request), Object(Closure))
#37 C:\\Works\\irhebo\\irhebo-backend\\vendor\\laravel\\framework\\src\\Illuminate\\Foundation\\Http\\Middleware\\TransformsRequest.php(21): Illuminate\\Pipeline\\Pipeline->Illuminate\\Pipeline\\{closure}(Object(Illuminate\\Http\\Request))
#38 C:\\Works\\irhebo\\irhebo-backend\\vendor\\laravel\\framework\\src\\Illuminate\\Foundation\\Http\\Middleware\\TrimStrings.php(51): Illuminate\\Foundation\\Http\\Middleware\\TransformsRequest->handle(Object(Illuminate\\Http\\Request), Object(Closure))
#39 C:\\Works\\irhebo\\irhebo-backend\\vendor\\laravel\\framework\\src\\Illuminate\\Pipeline\\Pipeline.php(183): Illuminate\\Foundation\\Http\\Middleware\\TrimStrings->handle(Object(Illuminate\\Http\\Request), Object(Closure))
#40 C:\\Works\\irhebo\\irhebo-backend\\vendor\\laravel\\framework\\src\\Illuminate\\Http\\Middleware\\ValidatePostSize.php(27): Illuminate\\Pipeline\\Pipeline->Illuminate\\Pipeline\\{closure}(Object(Illuminate\\Http\\Request))
#41 C:\\Works\\irhebo\\irhebo-backend\\vendor\\laravel\\framework\\src\\Illuminate\\Pipeline\\Pipeline.php(183): Illuminate\\Http\\Middleware\\ValidatePostSize->handle(Object(Illuminate\\Http\\Request), Object(Closure))
#42 C:\\Works\\irhebo\\irhebo-backend\\vendor\\laravel\\framework\\src\\Illuminate\\Foundation\\Http\\Middleware\\PreventRequestsDuringMaintenance.php(110): Illuminate\\Pipeline\\Pipeline->Illuminate\\Pipeline\\{closure}(Object(Illuminate\\Http\\Request))
#43 C:\\Works\\irhebo\\irhebo-backend\\vendor\\laravel\\framework\\src\\Illuminate\\Pipeline\\Pipeline.php(183): Illuminate\\Foundation\\Http\\Middleware\\PreventRequestsDuringMaintenance->handle(Object(Illuminate\\Http\\Request), Object(Closure))
#44 C:\\Works\\irhebo\\irhebo-backend\\vendor\\laravel\\framework\\src\\Illuminate\\Http\\Middleware\\HandleCors.php(62): Illuminate\\Pipeline\\Pipeline->Illuminate\\Pipeline\\{closure}(Object(Illuminate\\Http\\Request))
#45 C:\\Works\\irhebo\\irhebo-backend\\vendor\\laravel\\framework\\src\\Illuminate\\Pipeline\\Pipeline.php(183): Illuminate\\Http\\Middleware\\HandleCors->handle(Object(Illuminate\\Http\\Request), Object(Closure))
#46 C:\\Works\\irhebo\\irhebo-backend\\vendor\\laravel\\framework\\src\\Illuminate\\Http\\Middleware\\TrustProxies.php(58): Illuminate\\Pipeline\\Pipeline->Illuminate\\Pipeline\\{closure}(Object(Illuminate\\Http\\Request))
#47 C:\\Works\\irhebo\\irhebo-backend\\vendor\\laravel\\framework\\src\\Illuminate\\Pipeline\\Pipeline.php(183): Illuminate\\Http\\Middleware\\TrustProxies->handle(Object(Illuminate\\Http\\Request), Object(Closure))
#48 C:\\Works\\irhebo\\irhebo-backend\\vendor\\laravel\\framework\\src\\Illuminate\\Foundation\\Http\\Middleware\\InvokeDeferredCallbacks.php(22): Illuminate\\Pipeline\\Pipeline->Illuminate\\Pipeline\\{closure}(Object(Illuminate\\Http\\Request))
#49 C:\\Works\\irhebo\\irhebo-backend\\vendor\\laravel\\framework\\src\\Illuminate\\Pipeline\\Pipeline.php(183): Illuminate\\Foundation\\Http\\Middleware\\InvokeDeferredCallbacks->handle(Object(Illuminate\\Http\\Request), Object(Closure))
#50 C:\\Works\\irhebo\\irhebo-backend\\vendor\\laravel\\framework\\src\\Illuminate\\Pipeline\\Pipeline.php(119): Illuminate\\Pipeline\\Pipeline->Illuminate\\Pipeline\\{closure}(Object(Illuminate\\Http\\Request))
#51 C:\\Works\\irhebo\\irhebo-backend\\vendor\\laravel\\framework\\src\\Illuminate\\Foundation\\Http\\Kernel.php(176): Illuminate\\Pipeline\\Pipeline->then(Object(Closure))
#52 C:\\Works\\irhebo\\irhebo-backend\\vendor\\laravel\\framework\\src\\Illuminate\\Foundation\\Http\\Kernel.php(145): Illuminate\\Foundation\\Http\\Kernel->sendRequestThroughRouter(Object(Illuminate\\Http\\Request))
#53 C:\\Works\\irhebo\\irhebo-backend\\vendor\\laravel\\framework\\src\\Illuminate\\Foundation\\Application.php(1190): Illuminate\\Foundation\\Http\\Kernel->handle(Object(Illuminate\\Http\\Request))
#54 C:\\Works\\irhebo\\irhebo-backend\\public\\index.php(17): Illuminate\\Foundation\\Application->handleRequest(Object(Illuminate\\Http\\Request))
#55 C:\\Works\\irhebo\\irhebo-backend\\vendor\\laravel\\framework\\src\\Illuminate\\Foundation\\resources\\server.php(23): require_once('C:\\\\Works\\\\irhebo...')
#56 {main}
"} 
[2026-01-26 18:40:05] local.ERROR: The resource owner or authorization server denied the request. {"exception":"[object] (League\\OAuth2\\Server\\Exception\\OAuthServerException(code: 9): The resource owner or authorization server denied the request. at C:\\Works\\irhebo\\irhebo-backend\\vendor\\league\\oauth2-server\\src\\Exception\\OAuthServerException.php:243)
[stacktrace]
#0 C:\\Works\\irhebo\\irhebo-backend\\vendor\\league\\oauth2-server\\src\\AuthorizationValidators\\BearerTokenValidator.php(123): League\\OAuth2\\Server\\Exception\\OAuthServerException::accessDenied('Access token ha...')
#1 C:\\Works\\irhebo\\irhebo-backend\\vendor\\league\\oauth2-server\\src\\ResourceServer.php(84): League\\OAuth2\\Server\\AuthorizationValidators\\BearerTokenValidator->validateAuthorization(Object(Nyholm\\Psr7\\ServerRequest))
#2 C:\\Works\\irhebo\\irhebo-backend\\vendor\\laravel\\passport\\src\\Guards\\TokenGuard.php(232): League\\OAuth2\\Server\\ResourceServer->validateAuthenticatedRequest(Object(Nyholm\\Psr7\\ServerRequest))
#3 C:\\Works\\irhebo\\irhebo-backend\\vendor\\laravel\\passport\\src\\Guards\\TokenGuard.php(178): Laravel\\Passport\\Guards\\TokenGuard->getPsrRequestViaBearerToken(Object(Illuminate\\Http\\Request))
#4 C:\\Works\\irhebo\\irhebo-backend\\vendor\\laravel\\passport\\src\\Guards\\TokenGuard.php(120): Laravel\\Passport\\Guards\\TokenGuard->authenticateViaBearerToken(Object(Illuminate\\Http\\Request))
#5 C:\\Works\\irhebo\\irhebo-backend\\vendor\\laravel\\framework\\src\\Illuminate\\Auth\\GuardHelpers.php(76): Laravel\\Passport\\Guards\\TokenGuard->user()
#6 C:\\Works\\irhebo\\irhebo-backend\\app\\Traits\\BlockFilterTrait.php(13): Laravel\\Passport\\Guards\\TokenGuard->id()
#7 C:\\Works\\irhebo\\irhebo-backend\\vendor\\laravel\\framework\\src\\Illuminate\\Database\\Eloquent\\Builder.php(1429): App\\Models\\Service::App\\Traits\\{closure}(Object(Illuminate\\Database\\Eloquent\\Builder))
#8 C:\\Works\\irhebo\\irhebo-backend\\vendor\\laravel\\framework\\src\\Illuminate\\Database\\Eloquent\\Builder.php(1463): Illuminate\\Database\\Eloquent\\Builder->Illuminate\\Database\\Eloquent\\{closure}(Object(Illuminate\\Database\\Eloquent\\Builder))
#9 C:\\Works\\irhebo\\irhebo-backend\\vendor\\laravel\\framework\\src\\Illuminate\\Database\\Eloquent\\Builder.php(1424): Illuminate\\Database\\Eloquent\\Builder->callScope(Object(Closure))
#10 C:\\Works\\irhebo\\irhebo-backend\\vendor\\laravel\\framework\\src\\Illuminate\\Database\\Eloquent\\Builder.php(738): Illuminate\\Database\\Eloquent\\Builder->applyScopes()
#11 C:\\Works\\irhebo\\irhebo-backend\\vendor\\laravel\\framework\\src\\Illuminate\\Database\\Concerns\\BuildsQueries.php(344): Illuminate\\Database\\Eloquent\\Builder->get(Array)
#12 C:\\Works\\irhebo\\irhebo-backend\\vendor\\laravel\\framework\\src\\Illuminate\\Database\\Eloquent\\Builder.php(461): Illuminate\\Database\\Eloquent\\Builder->first(Array)
#13 C:\\Works\\irhebo\\irhebo-backend\\app\\Repositories\\Eloquents\\ServiceRepository.php(114): Illuminate\\Database\\Eloquent\\Builder->find('419')
#14 C:\\Works\\irhebo\\irhebo-backend\\app\\Services\\ServiceService.php(69): App\\Repositories\\Eloquents\\ServiceRepository->getServiceDetails('419')
#15 C:\\Works\\irhebo\\irhebo-backend\\app\\Http\\Controllers\\Api\\ServiceController.php(113): App\\Services\\ServiceService->getServiceDetails('419')
#16 C:\\Works\\irhebo\\irhebo-backend\\vendor\\laravel\\framework\\src\\Illuminate\\Routing\\ControllerDispatcher.php(47): App\\Http\\Controllers\\Api\\ServiceController->serviceDetails(Object(Illuminate\\Http\\Request), '419')
#17 C:\\Works\\irhebo\\irhebo-backend\\vendor\\laravel\\framework\\src\\Illuminate\\Routing\\Route.php(266): Illuminate\\Routing\\ControllerDispatcher->dispatch(Object(Illuminate\\Routing\\Route), Object(App\\Http\\Controllers\\Api\\ServiceController), 'serviceDetails')
#18 C:\\Works\\irhebo\\irhebo-backend\\vendor\\laravel\\framework\\src\\Illuminate\\Routing\\Route.php(212): Illuminate\\Routing\\Route->runController()
#19 C:\\Works\\irhebo\\irhebo-backend\\vendor\\laravel\\framework\\src\\Illuminate\\Routing\\Router.php(808): Illuminate\\Routing\\Route->run()
#20 C:\\Works\\irhebo\\irhebo-backend\\vendor\\laravel\\framework\\src\\Illuminate\\Pipeline\\Pipeline.php(144): Illuminate\\Routing\\Router->Illuminate\\Routing\\{closure}(Object(Illuminate\\Http\\Request))
#21 C:\\Works\\irhebo\\irhebo-backend\\app\\Http\\Middleware\\SetLocaleFromHeader.php(25): Illuminate\\Pipeline\\Pipeline->Illuminate\\Pipeline\\{closure}(Object(Illuminate\\Http\\Request))
#22 C:\\Works\\irhebo\\irhebo-backend\\vendor\\laravel\\framework\\src\\Illuminate\\Pipeline\\Pipeline.php(183): App\\Http\\Middleware\\SetLocaleFromHeader->handle(Object(Illuminate\\Http\\Request), Object(Closure))
#23 C:\\Works\\irhebo\\irhebo-backend\\vendor\\laravel\\framework\\src\\Illuminate\\Routing\\Middleware\\SubstituteBindings.php(51): Illuminate\\Pipeline\\Pipeline->Illuminate\\Pipeline\\{closure}(Object(Illuminate\\Http\\Request))
#24 C:\\Works\\irhebo\\irhebo-backend\\vendor\\laravel\\framework\\src\\Illuminate\\Pipeline\\Pipeline.php(183): Illuminate\\Routing\\Middleware\\SubstituteBindings->handle(Object(Illuminate\\Http\\Request), Object(Closure))
#25 C:\\Works\\irhebo\\irhebo-backend\\vendor\\laravel\\framework\\src\\Illuminate\\Pipeline\\Pipeline.php(119): Illuminate\\Pipeline\\Pipeline->Illuminate\\Pipeline\\{closure}(Object(Illuminate\\Http\\Request))
#26 C:\\Works\\irhebo\\irhebo-backend\\vendor\\laravel\\framework\\src\\Illuminate\\Routing\\Router.php(807): Illuminate\\Pipeline\\Pipeline->then(Object(Closure))
#27 C:\\Works\\irhebo\\irhebo-backend\\vendor\\laravel\\framework\\src\\Illuminate\\Routing\\Router.php(786): Illuminate\\Routing\\Router->runRouteWithinStack(Object(Illuminate\\Routing\\Route), Object(Illuminate\\Http\\Request))
#28 C:\\Works\\irhebo\\irhebo-backend\\vendor\\laravel\\framework\\src\\Illuminate\\Routing\\Router.php(750): Illuminate\\Routing\\Router->runRoute(Object(Illuminate\\Http\\Request), Object(Illuminate\\Routing\\Route))
#29 C:\\Works\\irhebo\\irhebo-backend\\vendor\\laravel\\framework\\src\\Illuminate\\Routing\\Router.php(739): Illuminate\\Routing\\Router->dispatchToRoute(Object(Illuminate\\Http\\Request))
#30 C:\\Works\\irhebo\\irhebo-backend\\vendor\\laravel\\framework\\src\\Illuminate\\Foundation\\Http\\Kernel.php(201): Illuminate\\Routing\\Router->dispatch(Object(Illuminate\\Http\\Request))
#31 C:\\Works\\irhebo\\irhebo-backend\\vendor\\laravel\\framework\\src\\Illuminate\\Pipeline\\Pipeline.php(144): Illuminate\\Foundation\\Http\\Kernel->Illuminate\\Foundation\\Http\\{closure}(Object(Illuminate\\Http\\Request))
#32 C:\\Works\\irhebo\\irhebo-backend\\vendor\\proengsoft\\laravel-jsvalidation\\src\\RemoteValidationMiddleware.php(61): Illuminate\\Pipeline\\Pipeline->Illuminate\\Pipeline\\{closure}(Object(Illuminate\\Http\\Request))
#33 C:\\Works\\irhebo\\irhebo-backend\\vendor\\laravel\\framework\\src\\Illuminate\\Pipeline\\Pipeline.php(183): Proengsoft\\JsValidation\\RemoteValidationMiddleware->handle(Object(Illuminate\\Http\\Request), Object(Closure))
#34 C:\\Works\\irhebo\\irhebo-backend\\vendor\\laravel\\framework\\src\\Illuminate\\Foundation\\Http\\Middleware\\TransformsRequest.php(21): Illuminate\\Pipeline\\Pipeline->Illuminate\\Pipeline\\{closure}(Object(Illuminate\\Http\\Request))
#35 C:\\Works\\irhebo\\irhebo-backend\\vendor\\laravel\\framework\\src\\Illuminate\\Foundation\\Http\\Middleware\\ConvertEmptyStringsToNull.php(31): Illuminate\\Foundation\\Http\\Middleware\\TransformsRequest->handle(Object(Illuminate\\Http\\Request), Object(Closure))
#36 C:\\Works\\irhebo\\irhebo-backend\\vendor\\laravel\\framework\\src\\Illuminate\\Pipeline\\Pipeline.php(183): Illuminate\\Foundation\\Http\\Middleware\\ConvertEmptyStringsToNull->handle(Object(Illuminate\\Http\\Request), Object(Closure))
#37 C:\\Works\\irhebo\\irhebo-backend\\vendor\\laravel\\framework\\src\\Illuminate\\Foundation\\Http\\Middleware\\TransformsRequest.php(21): Illuminate\\Pipeline\\Pipeline->Illuminate\\Pipeline\\{closure}(Object(Illuminate\\Http\\Request))
#38 C:\\Works\\irhebo\\irhebo-backend\\vendor\\laravel\\framework\\src\\Illuminate\\Foundation\\Http\\Middleware\\TrimStrings.php(51): Illuminate\\Foundation\\Http\\Middleware\\TransformsRequest->handle(Object(Illuminate\\Http\\Request), Object(Closure))
#39 C:\\Works\\irhebo\\irhebo-backend\\vendor\\laravel\\framework\\src\\Illuminate\\Pipeline\\Pipeline.php(183): Illuminate\\Foundation\\Http\\Middleware\\TrimStrings->handle(Object(Illuminate\\Http\\Request), Object(Closure))
#40 C:\\Works\\irhebo\\irhebo-backend\\vendor\\laravel\\framework\\src\\Illuminate\\Http\\Middleware\\ValidatePostSize.php(27): Illuminate\\Pipeline\\Pipeline->Illuminate\\Pipeline\\{closure}(Object(Illuminate\\Http\\Request))
#41 C:\\Works\\irhebo\\irhebo-backend\\vendor\\laravel\\framework\\src\\Illuminate\\Pipeline\\Pipeline.php(183): Illuminate\\Http\\Middleware\\ValidatePostSize->handle(Object(Illuminate\\Http\\Request), Object(Closure))
#42 C:\\Works\\irhebo\\irhebo-backend\\vendor\\laravel\\framework\\src\\Illuminate\\Foundation\\Http\\Middleware\\PreventRequestsDuringMaintenance.php(110): Illuminate\\Pipeline\\Pipeline->Illuminate\\Pipeline\\{closure}(Object(Illuminate\\Http\\Request))
#43 C:\\Works\\irhebo\\irhebo-backend\\vendor\\laravel\\framework\\src\\Illuminate\\Pipeline\\Pipeline.php(183): Illuminate\\Foundation\\Http\\Middleware\\PreventRequestsDuringMaintenance->handle(Object(Illuminate\\Http\\Request), Object(Closure))
#44 C:\\Works\\irhebo\\irhebo-backend\\vendor\\laravel\\framework\\src\\Illuminate\\Http\\Middleware\\HandleCors.php(62): Illuminate\\Pipeline\\Pipeline->Illuminate\\Pipeline\\{closure}(Object(Illuminate\\Http\\Request))
#45 C:\\Works\\irhebo\\irhebo-backend\\vendor\\laravel\\framework\\src\\Illuminate\\Pipeline\\Pipeline.php(183): Illuminate\\Http\\Middleware\\HandleCors->handle(Object(Illuminate\\Http\\Request), Object(Closure))
#46 C:\\Works\\irhebo\\irhebo-backend\\vendor\\laravel\\framework\\src\\Illuminate\\Http\\Middleware\\TrustProxies.php(58): Illuminate\\Pipeline\\Pipeline->Illuminate\\Pipeline\\{closure}(Object(Illuminate\\Http\\Request))
#47 C:\\Works\\irhebo\\irhebo-backend\\vendor\\laravel\\framework\\src\\Illuminate\\Pipeline\\Pipeline.php(183): Illuminate\\Http\\Middleware\\TrustProxies->handle(Object(Illuminate\\Http\\Request), Object(Closure))
#48 C:\\Works\\irhebo\\irhebo-backend\\vendor\\laravel\\framework\\src\\Illuminate\\Foundation\\Http\\Middleware\\InvokeDeferredCallbacks.php(22): Illuminate\\Pipeline\\Pipeline->Illuminate\\Pipeline\\{closure}(Object(Illuminate\\Http\\Request))
#49 C:\\Works\\irhebo\\irhebo-backend\\vendor\\laravel\\framework\\src\\Illuminate\\Pipeline\\Pipeline.php(183): Illuminate\\Foundation\\Http\\Middleware\\InvokeDeferredCallbacks->handle(Object(Illuminate\\Http\\Request), Object(Closure))
#50 C:\\Works\\irhebo\\irhebo-backend\\vendor\\laravel\\framework\\src\\Illuminate\\Pipeline\\Pipeline.php(119): Illuminate\\Pipeline\\Pipeline->Illuminate\\Pipeline\\{closure}(Object(Illuminate\\Http\\Request))
#51 C:\\Works\\irhebo\\irhebo-backend\\vendor\\laravel\\framework\\src\\Illuminate\\Foundation\\Http\\Kernel.php(176): Illuminate\\Pipeline\\Pipeline->then(Object(Closure))
#52 C:\\Works\\irhebo\\irhebo-backend\\vendor\\laravel\\framework\\src\\Illuminate\\Foundation\\Http\\Kernel.php(145): Illuminate\\Foundation\\Http\\Kernel->sendRequestThroughRouter(Object(Illuminate\\Http\\Request))
#53 C:\\Works\\irhebo\\irhebo-backend\\vendor\\laravel\\framework\\src\\Illuminate\\Foundation\\Application.php(1190): Illuminate\\Foundation\\Http\\Kernel->handle(Object(Illuminate\\Http\\Request))
#54 C:\\Works\\irhebo\\irhebo-backend\\public\\index.php(17): Illuminate\\Foundation\\Application->handleRequest(Object(Illuminate\\Http\\Request))
#55 C:\\Works\\irhebo\\irhebo-backend\\vendor\\laravel\\framework\\src\\Illuminate\\Foundation\\resources\\server.php(23): require_once('C:\\\\Works\\\\irhebo...')
#56 {main}
"} 
[2026-01-26 18:40:27] local.ERROR: The resource owner or authorization server denied the request. {"exception":"[object] (League\\OAuth2\\Server\\Exception\\OAuthServerException(code: 9): The resource owner or authorization server denied the request. at C:\\Works\\irhebo\\irhebo-backend\\vendor\\league\\oauth2-server\\src\\Exception\\OAuthServerException.php:243)
[stacktrace]
#0 C:\\Works\\irhebo\\irhebo-backend\\vendor\\league\\oauth2-server\\src\\AuthorizationValidators\\BearerTokenValidator.php(123): League\\OAuth2\\Server\\Exception\\OAuthServerException::accessDenied('Access token ha...')
#1 C:\\Works\\irhebo\\irhebo-backend\\vendor\\league\\oauth2-server\\src\\ResourceServer.php(84): League\\OAuth2\\Server\\AuthorizationValidators\\BearerTokenValidator->validateAuthorization(Object(Nyholm\\Psr7\\ServerRequest))
#2 C:\\Works\\irhebo\\irhebo-backend\\vendor\\laravel\\passport\\src\\Guards\\TokenGuard.php(232): League\\OAuth2\\Server\\ResourceServer->validateAuthenticatedRequest(Object(Nyholm\\Psr7\\ServerRequest))
#3 C:\\Works\\irhebo\\irhebo-backend\\vendor\\laravel\\passport\\src\\Guards\\TokenGuard.php(178): Laravel\\Passport\\Guards\\TokenGuard->getPsrRequestViaBearerToken(Object(Illuminate\\Http\\Request))
#4 C:\\Works\\irhebo\\irhebo-backend\\vendor\\laravel\\passport\\src\\Guards\\TokenGuard.php(120): Laravel\\Passport\\Guards\\TokenGuard->authenticateViaBearerToken(Object(Illuminate\\Http\\Request))
#5 C:\\Works\\irhebo\\irhebo-backend\\vendor\\laravel\\framework\\src\\Illuminate\\Auth\\GuardHelpers.php(76): Laravel\\Passport\\Guards\\TokenGuard->user()
#6 C:\\Works\\irhebo\\irhebo-backend\\app\\Traits\\BlockFilterTrait.php(13): Laravel\\Passport\\Guards\\TokenGuard->id()
#7 C:\\Works\\irhebo\\irhebo-backend\\vendor\\laravel\\framework\\src\\Illuminate\\Database\\Eloquent\\Builder.php(1429): App\\Models\\Service::App\\Traits\\{closure}(Object(Illuminate\\Database\\Eloquent\\Builder))
#8 C:\\Works\\irhebo\\irhebo-backend\\vendor\\laravel\\framework\\src\\Illuminate\\Database\\Eloquent\\Builder.php(1463): Illuminate\\Database\\Eloquent\\Builder->Illuminate\\Database\\Eloquent\\{closure}(Object(Illuminate\\Database\\Eloquent\\Builder))
#9 C:\\Works\\irhebo\\irhebo-backend\\vendor\\laravel\\framework\\src\\Illuminate\\Database\\Eloquent\\Builder.php(1424): Illuminate\\Database\\Eloquent\\Builder->callScope(Object(Closure))
#10 C:\\Works\\irhebo\\irhebo-backend\\vendor\\laravel\\framework\\src\\Illuminate\\Database\\Eloquent\\Builder.php(738): Illuminate\\Database\\Eloquent\\Builder->applyScopes()
#11 C:\\Works\\irhebo\\irhebo-backend\\vendor\\laravel\\framework\\src\\Illuminate\\Database\\Concerns\\BuildsQueries.php(344): Illuminate\\Database\\Eloquent\\Builder->get(Array)
#12 C:\\Works\\irhebo\\irhebo-backend\\vendor\\laravel\\framework\\src\\Illuminate\\Database\\Eloquent\\Builder.php(461): Illuminate\\Database\\Eloquent\\Builder->first(Array)
#13 C:\\Works\\irhebo\\irhebo-backend\\app\\Repositories\\Eloquents\\ServiceRepository.php(114): Illuminate\\Database\\Eloquent\\Builder->find('419')
#14 C:\\Works\\irhebo\\irhebo-backend\\app\\Services\\ServiceService.php(69): App\\Repositories\\Eloquents\\ServiceRepository->getServiceDetails('419')
#15 C:\\Works\\irhebo\\irhebo-backend\\app\\Http\\Controllers\\Api\\ServiceController.php(113): App\\Services\\ServiceService->getServiceDetails('419')
#16 C:\\Works\\irhebo\\irhebo-backend\\vendor\\laravel\\framework\\src\\Illuminate\\Routing\\ControllerDispatcher.php(47): App\\Http\\Controllers\\Api\\ServiceController->serviceDetails(Object(Illuminate\\Http\\Request), '419')
#17 C:\\Works\\irhebo\\irhebo-backend\\vendor\\laravel\\framework\\src\\Illuminate\\Routing\\Route.php(266): Illuminate\\Routing\\ControllerDispatcher->dispatch(Object(Illuminate\\Routing\\Route), Object(App\\Http\\Controllers\\Api\\ServiceController), 'serviceDetails')
#18 C:\\Works\\irhebo\\irhebo-backend\\vendor\\laravel\\framework\\src\\Illuminate\\Routing\\Route.php(212): Illuminate\\Routing\\Route->runController()
#19 C:\\Works\\irhebo\\irhebo-backend\\vendor\\laravel\\framework\\src\\Illuminate\\Routing\\Router.php(808): Illuminate\\Routing\\Route->run()
#20 C:\\Works\\irhebo\\irhebo-backend\\vendor\\laravel\\framework\\src\\Illuminate\\Pipeline\\Pipeline.php(144): Illuminate\\Routing\\Router->Illuminate\\Routing\\{closure}(Object(Illuminate\\Http\\Request))
#21 C:\\Works\\irhebo\\irhebo-backend\\app\\Http\\Middleware\\SetLocaleFromHeader.php(25): Illuminate\\Pipeline\\Pipeline->Illuminate\\Pipeline\\{closure}(Object(Illuminate\\Http\\Request))
#22 C:\\Works\\irhebo\\irhebo-backend\\vendor\\laravel\\framework\\src\\Illuminate\\Pipeline\\Pipeline.php(183): App\\Http\\Middleware\\SetLocaleFromHeader->handle(Object(Illuminate\\Http\\Request), Object(Closure))
#23 C:\\Works\\irhebo\\irhebo-backend\\vendor\\laravel\\framework\\src\\Illuminate\\Routing\\Middleware\\SubstituteBindings.php(51): Illuminate\\Pipeline\\Pipeline->Illuminate\\Pipeline\\{closure}(Object(Illuminate\\Http\\Request))
#24 C:\\Works\\irhebo\\irhebo-backend\\vendor\\laravel\\framework\\src\\Illuminate\\Pipeline\\Pipeline.php(183): Illuminate\\Routing\\Middleware\\SubstituteBindings->handle(Object(Illuminate\\Http\\Request), Object(Closure))
#25 C:\\Works\\irhebo\\irhebo-backend\\vendor\\laravel\\framework\\src\\Illuminate\\Pipeline\\Pipeline.php(119): Illuminate\\Pipeline\\Pipeline->Illuminate\\Pipeline\\{closure}(Object(Illuminate\\Http\\Request))
#26 C:\\Works\\irhebo\\irhebo-backend\\vendor\\laravel\\framework\\src\\Illuminate\\Routing\\Router.php(807): Illuminate\\Pipeline\\Pipeline->then(Object(Closure))
#27 C:\\Works\\irhebo\\irhebo-backend\\vendor\\laravel\\framework\\src\\Illuminate\\Routing\\Router.php(786): Illuminate\\Routing\\Router->runRouteWithinStack(Object(Illuminate\\Routing\\Route), Object(Illuminate\\Http\\Request))
#28 C:\\Works\\irhebo\\irhebo-backend\\vendor\\laravel\\framework\\src\\Illuminate\\Routing\\Router.php(750): Illuminate\\Routing\\Router->runRoute(Object(Illuminate\\Http\\Request), Object(Illuminate\\Routing\\Route))
#29 C:\\Works\\irhebo\\irhebo-backend\\vendor\\laravel\\framework\\src\\Illuminate\\Routing\\Router.php(739): Illuminate\\Routing\\Router->dispatchToRoute(Object(Illuminate\\Http\\Request))
#30 C:\\Works\\irhebo\\irhebo-backend\\vendor\\laravel\\framework\\src\\Illuminate\\Foundation\\Http\\Kernel.php(201): Illuminate\\Routing\\Router->dispatch(Object(Illuminate\\Http\\Request))
#31 C:\\Works\\irhebo\\irhebo-backend\\vendor\\laravel\\framework\\src\\Illuminate\\Pipeline\\Pipeline.php(144): Illuminate\\Foundation\\Http\\Kernel->Illuminate\\Foundation\\Http\\{closure}(Object(Illuminate\\Http\\Request))
#32 C:\\Works\\irhebo\\irhebo-backend\\vendor\\proengsoft\\laravel-jsvalidation\\src\\RemoteValidationMiddleware.php(61): Illuminate\\Pipeline\\Pipeline->Illuminate\\Pipeline\\{closure}(Object(Illuminate\\Http\\Request))
#33 C:\\Works\\irhebo\\irhebo-backend\\vendor\\laravel\\framework\\src\\Illuminate\\Pipeline\\Pipeline.php(183): Proengsoft\\JsValidation\\RemoteValidationMiddleware->handle(Object(Illuminate\\Http\\Request), Object(Closure))
#34 C:\\Works\\irhebo\\irhebo-backend\\vendor\\laravel\\framework\\src\\Illuminate\\Foundation\\Http\\Middleware\\TransformsRequest.php(21): Illuminate\\Pipeline\\Pipeline->Illuminate\\Pipeline\\{closure}(Object(Illuminate\\Http\\Request))
#35 C:\\Works\\irhebo\\irhebo-backend\\vendor\\laravel\\framework\\src\\Illuminate\\Foundation\\Http\\Middleware\\ConvertEmptyStringsToNull.php(31): Illuminate\\Foundation\\Http\\Middleware\\TransformsRequest->handle(Object(Illuminate\\Http\\Request), Object(Closure))
#36 C:\\Works\\irhebo\\irhebo-backend\\vendor\\laravel\\framework\\src\\Illuminate\\Pipeline\\Pipeline.php(183): Illuminate\\Foundation\\Http\\Middleware\\ConvertEmptyStringsToNull->handle(Object(Illuminate\\Http\\Request), Object(Closure))
#37 C:\\Works\\irhebo\\irhebo-backend\\vendor\\laravel\\framework\\src\\Illuminate\\Foundation\\Http\\Middleware\\TransformsRequest.php(21): Illuminate\\Pipeline\\Pipeline->Illuminate\\Pipeline\\{closure}(Object(Illuminate\\Http\\Request))
#38 C:\\Works\\irhebo\\irhebo-backend\\vendor\\laravel\\framework\\src\\Illuminate\\Foundation\\Http\\Middleware\\TrimStrings.php(51): Illuminate\\Foundation\\Http\\Middleware\\TransformsRequest->handle(Object(Illuminate\\Http\\Request), Object(Closure))
#39 C:\\Works\\irhebo\\irhebo-backend\\vendor\\laravel\\framework\\src\\Illuminate\\Pipeline\\Pipeline.php(183): Illuminate\\Foundation\\Http\\Middleware\\TrimStrings->handle(Object(Illuminate\\Http\\Request), Object(Closure))
#40 C:\\Works\\irhebo\\irhebo-backend\\vendor\\laravel\\framework\\src\\Illuminate\\Http\\Middleware\\ValidatePostSize.php(27): Illuminate\\Pipeline\\Pipeline->Illuminate\\Pipeline\\{closure}(Object(Illuminate\\Http\\Request))
#41 C:\\Works\\irhebo\\irhebo-backend\\vendor\\laravel\\framework\\src\\Illuminate\\Pipeline\\Pipeline.php(183): Illuminate\\Http\\Middleware\\ValidatePostSize->handle(Object(Illuminate\\Http\\Request), Object(Closure))
#42 C:\\Works\\irhebo\\irhebo-backend\\vendor\\laravel\\framework\\src\\Illuminate\\Foundation\\Http\\Middleware\\PreventRequestsDuringMaintenance.php(110): Illuminate\\Pipeline\\Pipeline->Illuminate\\Pipeline\\{closure}(Object(Illuminate\\Http\\Request))
#43 C:\\Works\\irhebo\\irhebo-backend\\vendor\\laravel\\framework\\src\\Illuminate\\Pipeline\\Pipeline.php(183): Illuminate\\Foundation\\Http\\Middleware\\PreventRequestsDuringMaintenance->handle(Object(Illuminate\\Http\\Request), Object(Closure))
#44 C:\\Works\\irhebo\\irhebo-backend\\vendor\\laravel\\framework\\src\\Illuminate\\Http\\Middleware\\HandleCors.php(62): Illuminate\\Pipeline\\Pipeline->Illuminate\\Pipeline\\{closure}(Object(Illuminate\\Http\\Request))
#45 C:\\Works\\irhebo\\irhebo-backend\\vendor\\laravel\\framework\\src\\Illuminate\\Pipeline\\Pipeline.php(183): Illuminate\\Http\\Middleware\\HandleCors->handle(Object(Illuminate\\Http\\Request), Object(Closure))
#46 C:\\Works\\irhebo\\irhebo-backend\\vendor\\laravel\\framework\\src\\Illuminate\\Http\\Middleware\\TrustProxies.php(58): Illuminate\\Pipeline\\Pipeline->Illuminate\\Pipeline\\{closure}(Object(Illuminate\\Http\\Request))
#47 C:\\Works\\irhebo\\irhebo-backend\\vendor\\laravel\\framework\\src\\Illuminate\\Pipeline\\Pipeline.php(183): Illuminate\\Http\\Middleware\\TrustProxies->handle(Object(Illuminate\\Http\\Request), Object(Closure))
#48 C:\\Works\\irhebo\\irhebo-backend\\vendor\\laravel\\framework\\src\\Illuminate\\Foundation\\Http\\Middleware\\InvokeDeferredCallbacks.php(22): Illuminate\\Pipeline\\Pipeline->Illuminate\\Pipeline\\{closure}(Object(Illuminate\\Http\\Request))
#49 C:\\Works\\irhebo\\irhebo-backend\\vendor\\laravel\\framework\\src\\Illuminate\\Pipeline\\Pipeline.php(183): Illuminate\\Foundation\\Http\\Middleware\\InvokeDeferredCallbacks->handle(Object(Illuminate\\Http\\Request), Object(Closure))
#50 C:\\Works\\irhebo\\irhebo-backend\\vendor\\laravel\\framework\\src\\Illuminate\\Pipeline\\Pipeline.php(119): Illuminate\\Pipeline\\Pipeline->Illuminate\\Pipeline\\{closure}(Object(Illuminate\\Http\\Request))
#51 C:\\Works\\irhebo\\irhebo-backend\\vendor\\laravel\\framework\\src\\Illuminate\\Foundation\\Http\\Kernel.php(176): Illuminate\\Pipeline\\Pipeline->then(Object(Closure))
#52 C:\\Works\\irhebo\\irhebo-backend\\vendor\\laravel\\framework\\src\\Illuminate\\Foundation\\Http\\Kernel.php(145): Illuminate\\Foundation\\Http\\Kernel->sendRequestThroughRouter(Object(Illuminate\\Http\\Request))
#53 C:\\Works\\irhebo\\irhebo-backend\\vendor\\laravel\\framework\\src\\Illuminate\\Foundation\\Application.php(1190): Illuminate\\Foundation\\Http\\Kernel->handle(Object(Illuminate\\Http\\Request))
#54 C:\\Works\\irhebo\\irhebo-backend\\public\\index.php(17): Illuminate\\Foundation\\Application->handleRequest(Object(Illuminate\\Http\\Request))
#55 C:\\Works\\irhebo\\irhebo-backend\\vendor\\laravel\\framework\\src\\Illuminate\\Foundation\\resources\\server.php(23): require_once('C:\\\\Works\\\\irhebo...')
#56 {main}
"} 
[2026-01-26 18:46:06] local.ERROR: The resource owner or authorization server denied the request. {"exception":"[object] (League\\OAuth2\\Server\\Exception\\OAuthServerException(code: 9): The resource owner or authorization server denied the request. at C:\\Works\\irhebo\\irhebo-backend\\vendor\\league\\oauth2-server\\src\\Exception\\OAuthServerException.php:243)
[stacktrace]
#0 C:\\Works\\irhebo\\irhebo-backend\\vendor\\league\\oauth2-server\\src\\AuthorizationValidators\\BearerTokenValidator.php(123): League\\OAuth2\\Server\\Exception\\OAuthServerException::accessDenied('Access token ha...')
#1 C:\\Works\\irhebo\\irhebo-backend\\vendor\\league\\oauth2-server\\src\\ResourceServer.php(84): League\\OAuth2\\Server\\AuthorizationValidators\\BearerTokenValidator->validateAuthorization(Object(Nyholm\\Psr7\\ServerRequest))
#2 C:\\Works\\irhebo\\irhebo-backend\\vendor\\laravel\\passport\\src\\Guards\\TokenGuard.php(232): League\\OAuth2\\Server\\ResourceServer->validateAuthenticatedRequest(Object(Nyholm\\Psr7\\ServerRequest))
#3 C:\\Works\\irhebo\\irhebo-backend\\vendor\\laravel\\passport\\src\\Guards\\TokenGuard.php(178): Laravel\\Passport\\Guards\\TokenGuard->getPsrRequestViaBearerToken(Object(Illuminate\\Http\\Request))
#4 C:\\Works\\irhebo\\irhebo-backend\\vendor\\laravel\\passport\\src\\Guards\\TokenGuard.php(120): Laravel\\Passport\\Guards\\TokenGuard->authenticateViaBearerToken(Object(Illuminate\\Http\\Request))
#5 C:\\Works\\irhebo\\irhebo-backend\\vendor\\laravel\\framework\\src\\Illuminate\\Auth\\GuardHelpers.php(76): Laravel\\Passport\\Guards\\TokenGuard->user()
#6 C:\\Works\\irhebo\\irhebo-backend\\app\\Http\\Controllers\\Api\\PortfolioController.php(25): Laravel\\Passport\\Guards\\TokenGuard->id()
#7 C:\\Works\\irhebo\\irhebo-backend\\vendor\\laravel\\framework\\src\\Illuminate\\Routing\\ControllerDispatcher.php(47): App\\Http\\Controllers\\Api\\PortfolioController->getPortfolioByUserId(Object(Illuminate\\Http\\Request))
#8 C:\\Works\\irhebo\\irhebo-backend\\vendor\\laravel\\framework\\src\\Illuminate\\Routing\\Route.php(266): Illuminate\\Routing\\ControllerDispatcher->dispatch(Object(Illuminate\\Routing\\Route), Object(App\\Http\\Controllers\\Api\\PortfolioController), 'getPortfolioByU...')
#9 C:\\Works\\irhebo\\irhebo-backend\\vendor\\laravel\\framework\\src\\Illuminate\\Routing\\Route.php(212): Illuminate\\Routing\\Route->runController()
#10 C:\\Works\\irhebo\\irhebo-backend\\vendor\\laravel\\framework\\src\\Illuminate\\Routing\\Router.php(808): Illuminate\\Routing\\Route->run()
#11 C:\\Works\\irhebo\\irhebo-backend\\vendor\\laravel\\framework\\src\\Illuminate\\Pipeline\\Pipeline.php(144): Illuminate\\Routing\\Router->Illuminate\\Routing\\{closure}(Object(Illuminate\\Http\\Request))
#12 C:\\Works\\irhebo\\irhebo-backend\\app\\Http\\Middleware\\SetLocaleFromHeader.php(25): Illuminate\\Pipeline\\Pipeline->Illuminate\\Pipeline\\{closure}(Object(Illuminate\\Http\\Request))
#13 C:\\Works\\irhebo\\irhebo-backend\\vendor\\laravel\\framework\\src\\Illuminate\\Pipeline\\Pipeline.php(183): App\\Http\\Middleware\\SetLocaleFromHeader->handle(Object(Illuminate\\Http\\Request), Object(Closure))
#14 C:\\Works\\irhebo\\irhebo-backend\\vendor\\laravel\\framework\\src\\Illuminate\\Routing\\Middleware\\SubstituteBindings.php(51): Illuminate\\Pipeline\\Pipeline->Illuminate\\Pipeline\\{closure}(Object(Illuminate\\Http\\Request))
#15 C:\\Works\\irhebo\\irhebo-backend\\vendor\\laravel\\framework\\src\\Illuminate\\Pipeline\\Pipeline.php(183): Illuminate\\Routing\\Middleware\\SubstituteBindings->handle(Object(Illuminate\\Http\\Request), Object(Closure))
#16 C:\\Works\\irhebo\\irhebo-backend\\vendor\\laravel\\framework\\src\\Illuminate\\Pipeline\\Pipeline.php(119): Illuminate\\Pipeline\\Pipeline->Illuminate\\Pipeline\\{closure}(Object(Illuminate\\Http\\Request))
#17 C:\\Works\\irhebo\\irhebo-backend\\vendor\\laravel\\framework\\src\\Illuminate\\Routing\\Router.php(807): Illuminate\\Pipeline\\Pipeline->then(Object(Closure))
#18 C:\\Works\\irhebo\\irhebo-backend\\vendor\\laravel\\framework\\src\\Illuminate\\Routing\\Router.php(786): Illuminate\\Routing\\Router->runRouteWithinStack(Object(Illuminate\\Routing\\Route), Object(Illuminate\\Http\\Request))
#19 C:\\Works\\irhebo\\irhebo-backend\\vendor\\laravel\\framework\\src\\Illuminate\\Routing\\Router.php(750): Illuminate\\Routing\\Router->runRoute(Object(Illuminate\\Http\\Request), Object(Illuminate\\Routing\\Route))
#20 C:\\Works\\irhebo\\irhebo-backend\\vendor\\laravel\\framework\\src\\Illuminate\\Routing\\Router.php(739): Illuminate\\Routing\\Router->dispatchToRoute(Object(Illuminate\\Http\\Request))
#21 C:\\Works\\irhebo\\irhebo-backend\\vendor\\laravel\\framework\\src\\Illuminate\\Foundation\\Http\\Kernel.php(201): Illuminate\\Routing\\Router->dispatch(Object(Illuminate\\Http\\Request))
#22 C:\\Works\\irhebo\\irhebo-backend\\vendor\\laravel\\framework\\src\\Illuminate\\Pipeline\\Pipeline.php(144): Illuminate\\Foundation\\Http\\Kernel->Illuminate\\Foundation\\Http\\{closure}(Object(Illuminate\\Http\\Request))
#23 C:\\Works\\irhebo\\irhebo-backend\\vendor\\proengsoft\\laravel-jsvalidation\\src\\RemoteValidationMiddleware.php(61): Illuminate\\Pipeline\\Pipeline->Illuminate\\Pipeline\\{closure}(Object(Illuminate\\Http\\Request))
#24 C:\\Works\\irhebo\\irhebo-backend\\vendor\\laravel\\framework\\src\\Illuminate\\Pipeline\\Pipeline.php(183): Proengsoft\\JsValidation\\RemoteValidationMiddleware->handle(Object(Illuminate\\Http\\Request), Object(Closure))
#25 C:\\Works\\irhebo\\irhebo-backend\\vendor\\laravel\\framework\\src\\Illuminate\\Foundation\\Http\\Middleware\\TransformsRequest.php(21): Illuminate\\Pipeline\\Pipeline->Illuminate\\Pipeline\\{closure}(Object(Illuminate\\Http\\Request))
#26 C:\\Works\\irhebo\\irhebo-backend\\vendor\\laravel\\framework\\src\\Illuminate\\Foundation\\Http\\Middleware\\ConvertEmptyStringsToNull.php(31): Illuminate\\Foundation\\Http\\Middleware\\TransformsRequest->handle(Object(Illuminate\\Http\\Request), Object(Closure))
#27 C:\\Works\\irhebo\\irhebo-backend\\vendor\\laravel\\framework\\src\\Illuminate\\Pipeline\\Pipeline.php(183): Illuminate\\Foundation\\Http\\Middleware\\ConvertEmptyStringsToNull->handle(Object(Illuminate\\Http\\Request), Object(Closure))
#28 C:\\Works\\irhebo\\irhebo-backend\\vendor\\laravel\\framework\\src\\Illuminate\\Foundation\\Http\\Middleware\\TransformsRequest.php(21): Illuminate\\Pipeline\\Pipeline->Illuminate\\Pipeline\\{closure}(Object(Illuminate\\Http\\Request))
#29 C:\\Works\\irhebo\\irhebo-backend\\vendor\\laravel\\framework\\src\\Illuminate\\Foundation\\Http\\Middleware\\TrimStrings.php(51): Illuminate\\Foundation\\Http\\Middleware\\TransformsRequest->handle(Object(Illuminate\\Http\\Request), Object(Closure))
#30 C:\\Works\\irhebo\\irhebo-backend\\vendor\\laravel\\framework\\src\\Illuminate\\Pipeline\\Pipeline.php(183): Illuminate\\Foundation\\Http\\Middleware\\TrimStrings->handle(Object(Illuminate\\Http\\Request), Object(Closure))
#31 C:\\Works\\irhebo\\irhebo-backend\\vendor\\laravel\\framework\\src\\Illuminate\\Http\\Middleware\\ValidatePostSize.php(27): Illuminate\\Pipeline\\Pipeline->Illuminate\\Pipeline\\{closure}(Object(Illuminate\\Http\\Request))
#32 C:\\Works\\irhebo\\irhebo-backend\\vendor\\laravel\\framework\\src\\Illuminate\\Pipeline\\Pipeline.php(183): Illuminate\\Http\\Middleware\\ValidatePostSize->handle(Object(Illuminate\\Http\\Request), Object(Closure))
#33 C:\\Works\\irhebo\\irhebo-backend\\vendor\\laravel\\framework\\src\\Illuminate\\Foundation\\Http\\Middleware\\PreventRequestsDuringMaintenance.php(110): Illuminate\\Pipeline\\Pipeline->Illuminate\\Pipeline\\{closure}(Object(Illuminate\\Http\\Request))
#34 C:\\Works\\irhebo\\irhebo-backend\\vendor\\laravel\\framework\\src\\Illuminate\\Pipeline\\Pipeline.php(183): Illuminate\\Foundation\\Http\\Middleware\\PreventRequestsDuringMaintenance->handle(Object(Illuminate\\Http\\Request), Object(Closure))
#35 C:\\Works\\irhebo\\irhebo-backend\\vendor\\laravel\\framework\\src\\Illuminate\\Http\\Middleware\\HandleCors.php(62): Illuminate\\Pipeline\\Pipeline->Illuminate\\Pipeline\\{closure}(Object(Illuminate\\Http\\Request))
#36 C:\\Works\\irhebo\\irhebo-backend\\vendor\\laravel\\framework\\src\\Illuminate\\Pipeline\\Pipeline.php(183): Illuminate\\Http\\Middleware\\HandleCors->handle(Object(Illuminate\\Http\\Request), Object(Closure))
#37 C:\\Works\\irhebo\\irhebo-backend\\vendor\\laravel\\framework\\src\\Illuminate\\Http\\Middleware\\TrustProxies.php(58): Illuminate\\Pipeline\\Pipeline->Illuminate\\Pipeline\\{closure}(Object(Illuminate\\Http\\Request))
#38 C:\\Works\\irhebo\\irhebo-backend\\vendor\\laravel\\framework\\src\\Illuminate\\Pipeline\\Pipeline.php(183): Illuminate\\Http\\Middleware\\TrustProxies->handle(Object(Illuminate\\Http\\Request), Object(Closure))
#39 C:\\Works\\irhebo\\irhebo-backend\\vendor\\laravel\\framework\\src\\Illuminate\\Foundation\\Http\\Middleware\\InvokeDeferredCallbacks.php(22): Illuminate\\Pipeline\\Pipeline->Illuminate\\Pipeline\\{closure}(Object(Illuminate\\Http\\Request))
#40 C:\\Works\\irhebo\\irhebo-backend\\vendor\\laravel\\framework\\src\\Illuminate\\Pipeline\\Pipeline.php(183): Illuminate\\Foundation\\Http\\Middleware\\InvokeDeferredCallbacks->handle(Object(Illuminate\\Http\\Request), Object(Closure))
#41 C:\\Works\\irhebo\\irhebo-backend\\vendor\\laravel\\framework\\src\\Illuminate\\Pipeline\\Pipeline.php(119): Illuminate\\Pipeline\\Pipeline->Illuminate\\Pipeline\\{closure}(Object(Illuminate\\Http\\Request))
#42 C:\\Works\\irhebo\\irhebo-backend\\vendor\\laravel\\framework\\src\\Illuminate\\Foundation\\Http\\Kernel.php(176): Illuminate\\Pipeline\\Pipeline->then(Object(Closure))
#43 C:\\Works\\irhebo\\irhebo-backend\\vendor\\laravel\\framework\\src\\Illuminate\\Foundation\\Http\\Kernel.php(145): Illuminate\\Foundation\\Http\\Kernel->sendRequestThroughRouter(Object(Illuminate\\Http\\Request))
#44 C:\\Works\\irhebo\\irhebo-backend\\vendor\\laravel\\framework\\src\\Illuminate\\Foundation\\Application.php(1190): Illuminate\\Foundation\\Http\\Kernel->handle(Object(Illuminate\\Http\\Request))
#45 C:\\Works\\irhebo\\irhebo-backend\\public\\index.php(17): Illuminate\\Foundation\\Application->handleRequest(Object(Illuminate\\Http\\Request))
#46 C:\\Works\\irhebo\\irhebo-backend\\vendor\\laravel\\framework\\src\\Illuminate\\Foundation\\resources\\server.php(23): require_once('C:\\\\Works\\\\irhebo...')
#47 {main}
"} 
[2026-01-26 18:59:21] local.ERROR: Exception occurred {"message":"cURL error 6: Could not resolve host: translate.googleapis.com (see https://curl.haxx.se/libcurl/c/libcurl-errors.html) for https://translate.googleapis.com/v3/projects/irhebo-63e09/locations/global:detectLanguage?%24alt=json%3Benum-encoding%3Dint","file":"C:\\Works\\irhebo\\irhebo-backend\\vendor\\guzzlehttp\\guzzle\\src\\Handler\\CurlFactory.php","line":275,"trace":"#0 C:\\Works\\irhebo\\irhebo-backend\\vendor\\guzzlehttp\\guzzle\\src\\Handler\\CurlFactory.php(205): GuzzleHttp\\Handler\\CurlFactory::createRejection(Object(GuzzleHttp\\Handler\\EasyHandle), Array)
#1 C:\\Works\\irhebo\\irhebo-backend\\vendor\\guzzlehttp\\guzzle\\src\\Handler\\CurlFactory.php(157): GuzzleHttp\\Handler\\CurlFactory::finishError(Object(GuzzleHttp\\Handler\\CurlMultiHandler), Object(GuzzleHttp\\Handler\\EasyHandle), Object(GuzzleHttp\\Handler\\CurlFactory))
#2 C:\\Works\\irhebo\\irhebo-backend\\vendor\\guzzlehttp\\guzzle\\src\\Handler\\CurlMultiHandler.php(267): GuzzleHttp\\Handler\\CurlFactory::finish(Object(GuzzleHttp\\Handler\\CurlMultiHandler), Object(GuzzleHttp\\Handler\\EasyHandle), Object(GuzzleHttp\\Handler\\CurlFactory))
#3 C:\\Works\\irhebo\\irhebo-backend\\vendor\\guzzlehttp\\guzzle\\src\\Handler\\CurlMultiHandler.php(180): GuzzleHttp\\Handler\\CurlMultiHandler->processMessages()
#4 C:\\Works\\irhebo\\irhebo-backend\\vendor\\guzzlehttp\\guzzle\\src\\Handler\\CurlMultiHandler.php(206): GuzzleHttp\\Handler\\CurlMultiHandler->tick()
#5 C:\\Works\\irhebo\\irhebo-backend\\vendor\\guzzlehttp\\promises\\src\\Promise.php(251): GuzzleHttp\\Handler\\CurlMultiHandler->execute(true)
#6 C:\\Works\\irhebo\\irhebo-backend\\vendor\\guzzlehttp\\promises\\src\\Promise.php(227): GuzzleHttp\\Promise\\Promise->invokeWaitFn()
#7 C:\\Works\\irhebo\\irhebo-backend\\vendor\\guzzlehttp\\promises\\src\\Promise.php(272): GuzzleHttp\\Promise\\Promise->waitIfPending()
#8 C:\\Works\\irhebo\\irhebo-backend\\vendor\\guzzlehttp\\promises\\src\\Promise.php(229): GuzzleHttp\\Promise\\Promise->invokeWaitList()
#9 C:\\Works\\irhebo\\irhebo-backend\\vendor\\guzzlehttp\\promises\\src\\Promise.php(69): GuzzleHttp\\Promise\\Promise->waitIfPending()
#10 C:\\Works\\irhebo\\irhebo-backend\\vendor\\google\\cloud-translate\\src\\V3\\Client\\TranslationServiceClient.php(902): GuzzleHttp\\Promise\\Promise->wait()
#11 C:\\Works\\irhebo\\irhebo-backend\\app\\Utilities\\GoogleTranslator.php(49): Google\\Cloud\\Translate\\V3\\Client\\TranslationServiceClient->detectLanguage(Object(Google\\Cloud\\Translate\\V3\\DetectLanguageRequest))
#12 C:\\Works\\irhebo\\irhebo-backend\\app\\Utilities\\GoogleTranslator.php(56): App\\Utilities\\GoogleTranslator->detectLanguage('I will design a...')
#13 C:\\Works\\irhebo\\irhebo-backend\\app\\Repositories\\Eloquents\\PortfolioRepository.php(133): App\\Utilities\\GoogleTranslator->translateForStorage('I will design a...')
#14 C:\\Works\\irhebo\\irhebo-backend\\app\\Services\\PortfolioService.php(48): App\\Repositories\\Eloquents\\PortfolioRepository->update(Array, Object(App\\Models\\Portfolio))
#15 C:\\Works\\irhebo\\irhebo-backend\\app\\Http\\Controllers\\Api\\PortfolioController.php(64): App\\Services\\PortfolioService->update(Array, '198')
#16 C:\\Works\\irhebo\\irhebo-backend\\vendor\\laravel\\framework\\src\\Illuminate\\Routing\\ControllerDispatcher.php(47): App\\Http\\Controllers\\Api\\PortfolioController->update(Object(App\\Http\\Requests\\Api\\UpdatePortfolioRequest), '198')
#17 C:\\Works\\irhebo\\irhebo-backend\\vendor\\laravel\\framework\\src\\Illuminate\\Routing\\Route.php(266): Illuminate\\Routing\\ControllerDispatcher->dispatch(Object(Illuminate\\Routing\\Route), Object(App\\Http\\Controllers\\Api\\PortfolioController), 'update')
#18 C:\\Works\\irhebo\\irhebo-backend\\vendor\\laravel\\framework\\src\\Illuminate\\Routing\\Route.php(212): Illuminate\\Routing\\Route->runController()
#19 C:\\Works\\irhebo\\irhebo-backend\\vendor\\laravel\\framework\\src\\Illuminate\\Routing\\Router.php(808): Illuminate\\Routing\\Route->run()
#20 C:\\Works\\irhebo\\irhebo-backend\\vendor\\laravel\\framework\\src\\Illuminate\\Pipeline\\Pipeline.php(144): Illuminate\\Routing\\Router->Illuminate\\Routing\\{closure}(Object(Illuminate\\Http\\Request))
#21 C:\\Works\\irhebo\\irhebo-backend\\app\\Http\\Middleware\\OwnsResource.php(55): Illuminate\\Pipeline\\Pipeline->Illuminate\\Pipeline\\{closure}(Object(Illuminate\\Http\\Request))
#22 C:\\Works\\irhebo\\irhebo-backend\\vendor\\laravel\\framework\\src\\Illuminate\\Pipeline\\Pipeline.php(183): App\\Http\\Middleware\\OwnsResource->handle(Object(Illuminate\\Http\\Request), Object(Closure), 'portfolio')
#23 C:\\Works\\irhebo\\irhebo-backend\\app\\Http\\Middleware\\ApiFreelancerMiddleware.php(21): Illuminate\\Pipeline\\Pipeline->Illuminate\\Pipeline\\{closure}(Object(Illuminate\\Http\\Request))
#24 C:\\Works\\irhebo\\irhebo-backend\\vendor\\laravel\\framework\\src\\Illuminate\\Pipeline\\Pipeline.php(183): App\\Http\\Middleware\\ApiFreelancerMiddleware->handle(Object(Illuminate\\Http\\Request), Object(Closure))
#25 C:\\Works\\irhebo\\irhebo-backend\\app\\Http\\Middleware\\SetLocaleFromHeader.php(25): Illuminate\\Pipeline\\Pipeline->Illuminate\\Pipeline\\{closure}(Object(Illuminate\\Http\\Request))
#26 C:\\Works\\irhebo\\irhebo-backend\\vendor\\laravel\\framework\\src\\Illuminate\\Pipeline\\Pipeline.php(183): App\\Http\\Middleware\\SetLocaleFromHeader->handle(Object(Illuminate\\Http\\Request), Object(Closure))
#27 C:\\Works\\irhebo\\irhebo-backend\\vendor\\laravel\\framework\\src\\Illuminate\\Routing\\Middleware\\SubstituteBindings.php(51): Illuminate\\Pipeline\\Pipeline->Illuminate\\Pipeline\\{closure}(Object(Illuminate\\Http\\Request))
#28 C:\\Works\\irhebo\\irhebo-backend\\vendor\\laravel\\framework\\src\\Illuminate\\Pipeline\\Pipeline.php(183): Illuminate\\Routing\\Middleware\\SubstituteBindings->handle(Object(Illuminate\\Http\\Request), Object(Closure))
#29 C:\\Works\\irhebo\\irhebo-backend\\vendor\\laravel\\framework\\src\\Illuminate\\Auth\\Middleware\\Authenticate.php(64): Illuminate\\Pipeline\\Pipeline->Illuminate\\Pipeline\\{closure}(Object(Illuminate\\Http\\Request))
#30 C:\\Works\\irhebo\\irhebo-backend\\vendor\\laravel\\framework\\src\\Illuminate\\Pipeline\\Pipeline.php(183): Illuminate\\Auth\\Middleware\\Authenticate->handle(Object(Illuminate\\Http\\Request), Object(Closure), 'api')
#31 C:\\Works\\irhebo\\irhebo-backend\\vendor\\laravel\\framework\\src\\Illuminate\\Pipeline\\Pipeline.php(119): Illuminate\\Pipeline\\Pipeline->Illuminate\\Pipeline\\{closure}(Object(Illuminate\\Http\\Request))
#32 C:\\Works\\irhebo\\irhebo-backend\\vendor\\laravel\\framework\\src\\Illuminate\\Routing\\Router.php(807): Illuminate\\Pipeline\\Pipeline->then(Object(Closure))
#33 C:\\Works\\irhebo\\irhebo-backend\\vendor\\laravel\\framework\\src\\Illuminate\\Routing\\Router.php(786): Illuminate\\Routing\\Router->runRouteWithinStack(Object(Illuminate\\Routing\\Route), Object(Illuminate\\Http\\Request))
#34 C:\\Works\\irhebo\\irhebo-backend\\vendor\\laravel\\framework\\src\\Illuminate\\Routing\\Router.php(750): Illuminate\\Routing\\Router->runRoute(Object(Illuminate\\Http\\Request), Object(Illuminate\\Routing\\Route))
#35 C:\\Works\\irhebo\\irhebo-backend\\vendor\\laravel\\framework\\src\\Illuminate\\Routing\\Router.php(739): Illuminate\\Routing\\Router->dispatchToRoute(Object(Illuminate\\Http\\Request))
#36 C:\\Works\\irhebo\\irhebo-backend\\vendor\\laravel\\framework\\src\\Illuminate\\Foundation\\Http\\Kernel.php(201): Illuminate\\Routing\\Router->dispatch(Object(Illuminate\\Http\\Request))
#37 C:\\Works\\irhebo\\irhebo-backend\\vendor\\laravel\\framework\\src\\Illuminate\\Pipeline\\Pipeline.php(144): Illuminate\\Foundation\\Http\\Kernel->Illuminate\\Foundation\\Http\\{closure}(Object(Illuminate\\Http\\Request))
#38 C:\\Works\\irhebo\\irhebo-backend\\vendor\\proengsoft\\laravel-jsvalidation\\src\\RemoteValidationMiddleware.php(61): Illuminate\\Pipeline\\Pipeline->Illuminate\\Pipeline\\{closure}(Object(Illuminate\\Http\\Request))
#39 C:\\Works\\irhebo\\irhebo-backend\\vendor\\laravel\\framework\\src\\Illuminate\\Pipeline\\Pipeline.php(183): Proengsoft\\JsValidation\\RemoteValidationMiddleware->handle(Object(Illuminate\\Http\\Request), Object(Closure))
#40 C:\\Works\\irhebo\\irhebo-backend\\vendor\\laravel\\framework\\src\\Illuminate\\Foundation\\Http\\Middleware\\TransformsRequest.php(21): Illuminate\\Pipeline\\Pipeline->Illuminate\\Pipeline\\{closure}(Object(Illuminate\\Http\\Request))
#41 C:\\Works\\irhebo\\irhebo-backend\\vendor\\laravel\\framework\\src\\Illuminate\\Foundation\\Http\\Middleware\\ConvertEmptyStringsToNull.php(31): Illuminate\\Foundation\\Http\\Middleware\\TransformsRequest->handle(Object(Illuminate\\Http\\Request), Object(Closure))
#42 C:\\Works\\irhebo\\irhebo-backend\\vendor\\laravel\\framework\\src\\Illuminate\\Pipeline\\Pipeline.php(183): Illuminate\\Foundation\\Http\\Middleware\\ConvertEmptyStringsToNull->handle(Object(Illuminate\\Http\\Request), Object(Closure))
#43 C:\\Works\\irhebo\\irhebo-backend\\vendor\\laravel\\framework\\src\\Illuminate\\Foundation\\Http\\Middleware\\TransformsRequest.php(21): Illuminate\\Pipeline\\Pipeline->Illuminate\\Pipeline\\{closure}(Object(Illuminate\\Http\\Request))
#44 C:\\Works\\irhebo\\irhebo-backend\\vendor\\laravel\\framework\\src\\Illuminate\\Foundation\\Http\\Middleware\\TrimStrings.php(51): Illuminate\\Foundation\\Http\\Middleware\\TransformsRequest->handle(Object(Illuminate\\Http\\Request), Object(Closure))
#45 C:\\Works\\irhebo\\irhebo-backend\\vendor\\laravel\\framework\\src\\Illuminate\\Pipeline\\Pipeline.php(183): Illuminate\\Foundation\\Http\\Middleware\\TrimStrings->handle(Object(Illuminate\\Http\\Request), Object(Closure))
#46 C:\\Works\\irhebo\\irhebo-backend\\vendor\\laravel\\framework\\src\\Illuminate\\Http\\Middleware\\ValidatePostSize.php(27): Illuminate\\Pipeline\\Pipeline->Illuminate\\Pipeline\\{closure}(Object(Illuminate\\Http\\Request))
#47 C:\\Works\\irhebo\\irhebo-backend\\vendor\\laravel\\framework\\src\\Illuminate\\Pipeline\\Pipeline.php(183): Illuminate\\Http\\Middleware\\ValidatePostSize->handle(Object(Illuminate\\Http\\Request), Object(Closure))
#48 C:\\Works\\irhebo\\irhebo-backend\\vendor\\laravel\\framework\\src\\Illuminate\\Foundation\\Http\\Middleware\\PreventRequestsDuringMaintenance.php(110): Illuminate\\Pipeline\\Pipeline->Illuminate\\Pipeline\\{closure}(Object(Illuminate\\Http\\Request))
#49 C:\\Works\\irhebo\\irhebo-backend\\vendor\\laravel\\framework\\src\\Illuminate\\Pipeline\\Pipeline.php(183): Illuminate\\Foundation\\Http\\Middleware\\PreventRequestsDuringMaintenance->handle(Object(Illuminate\\Http\\Request), Object(Closure))
#50 C:\\Works\\irhebo\\irhebo-backend\\vendor\\laravel\\framework\\src\\Illuminate\\Http\\Middleware\\HandleCors.php(62): Illuminate\\Pipeline\\Pipeline->Illuminate\\Pipeline\\{closure}(Object(Illuminate\\Http\\Request))
#51 C:\\Works\\irhebo\\irhebo-backend\\vendor\\laravel\\framework\\src\\Illuminate\\Pipeline\\Pipeline.php(183): Illuminate\\Http\\Middleware\\HandleCors->handle(Object(Illuminate\\Http\\Request), Object(Closure))
#52 C:\\Works\\irhebo\\irhebo-backend\\vendor\\laravel\\framework\\src\\Illuminate\\Http\\Middleware\\TrustProxies.php(58): Illuminate\\Pipeline\\Pipeline->Illuminate\\Pipeline\\{closure}(Object(Illuminate\\Http\\Request))
#53 C:\\Works\\irhebo\\irhebo-backend\\vendor\\laravel\\framework\\src\\Illuminate\\Pipeline\\Pipeline.php(183): Illuminate\\Http\\Middleware\\TrustProxies->handle(Object(Illuminate\\Http\\Request), Object(Closure))
#54 C:\\Works\\irhebo\\irhebo-backend\\vendor\\laravel\\framework\\src\\Illuminate\\Foundation\\Http\\Middleware\\InvokeDeferredCallbacks.php(22): Illuminate\\Pipeline\\Pipeline->Illuminate\\Pipeline\\{closure}(Object(Illuminate\\Http\\Request))
#55 C:\\Works\\irhebo\\irhebo-backend\\vendor\\laravel\\framework\\src\\Illuminate\\Pipeline\\Pipeline.php(183): Illuminate\\Foundation\\Http\\Middleware\\InvokeDeferredCallbacks->handle(Object(Illuminate\\Http\\Request), Object(Closure))
#56 C:\\Works\\irhebo\\irhebo-backend\\vendor\\laravel\\framework\\src\\Illuminate\\Pipeline\\Pipeline.php(119): Illuminate\\Pipeline\\Pipeline->Illuminate\\Pipeline\\{closure}(Object(Illuminate\\Http\\Request))
#57 C:\\Works\\irhebo\\irhebo-backend\\vendor\\laravel\\framework\\src\\Illuminate\\Foundation\\Http\\Kernel.php(176): Illuminate\\Pipeline\\Pipeline->then(Object(Closure))
#58 C:\\Works\\irhebo\\irhebo-backend\\vendor\\laravel\\framework\\src\\Illuminate\\Foundation\\Http\\Kernel.php(145): Illuminate\\Foundation\\Http\\Kernel->sendRequestThroughRouter(Object(Illuminate\\Http\\Request))
#59 C:\\Works\\irhebo\\irhebo-backend\\vendor\\laravel\\framework\\src\\Illuminate\\Foundation\\Application.php(1190): Illuminate\\Foundation\\Http\\Kernel->handle(Object(Illuminate\\Http\\Request))
#60 C:\\Works\\irhebo\\irhebo-backend\\public\\index.php(17): Illuminate\\Foundation\\Application->handleRequest(Object(Illuminate\\Http\\Request))
#61 C:\\Works\\irhebo\\irhebo-backend\\vendor\\laravel\\framework\\src\\Illuminate\\Foundation\\resources\\server.php(23): require_once('C:\\\\Works\\\\irhebo...')
#62 {main}"} 
[2026-01-26 19:18:35] local.ERROR: The resource owner or authorization server denied the request. {"exception":"[object] (League\\OAuth2\\Server\\Exception\\OAuthServerException(code: 9): The resource owner or authorization server denied the request. at C:\\Works\\irhebo\\irhebo-backend\\vendor\\league\\oauth2-server\\src\\Exception\\OAuthServerException.php:243)
[stacktrace]
#0 C:\\Works\\irhebo\\irhebo-backend\\vendor\\league\\oauth2-server\\src\\AuthorizationValidators\\BearerTokenValidator.php(123): League\\OAuth2\\Server\\Exception\\OAuthServerException::accessDenied('Access token ha...')
#1 C:\\Works\\irhebo\\irhebo-backend\\vendor\\league\\oauth2-server\\src\\ResourceServer.php(84): League\\OAuth2\\Server\\AuthorizationValidators\\BearerTokenValidator->validateAuthorization(Object(Nyholm\\Psr7\\ServerRequest))
#2 C:\\Works\\irhebo\\irhebo-backend\\vendor\\laravel\\passport\\src\\Guards\\TokenGuard.php(232): League\\OAuth2\\Server\\ResourceServer->validateAuthenticatedRequest(Object(Nyholm\\Psr7\\ServerRequest))
#3 C:\\Works\\irhebo\\irhebo-backend\\vendor\\laravel\\passport\\src\\Guards\\TokenGuard.php(178): Laravel\\Passport\\Guards\\TokenGuard->getPsrRequestViaBearerToken(Object(Illuminate\\Http\\Request))
#4 C:\\Works\\irhebo\\irhebo-backend\\vendor\\laravel\\passport\\src\\Guards\\TokenGuard.php(120): Laravel\\Passport\\Guards\\TokenGuard->authenticateViaBearerToken(Object(Illuminate\\Http\\Request))
#5 C:\\Works\\irhebo\\irhebo-backend\\vendor\\laravel\\framework\\src\\Illuminate\\Auth\\GuardHelpers.php(76): Laravel\\Passport\\Guards\\TokenGuard->user()
#6 C:\\Works\\irhebo\\irhebo-backend\\app\\Traits\\BlockFilterTrait.php(13): Laravel\\Passport\\Guards\\TokenGuard->id()
#7 C:\\Works\\irhebo\\irhebo-backend\\vendor\\laravel\\framework\\src\\Illuminate\\Database\\Eloquent\\Builder.php(1429): App\\Models\\Service::App\\Traits\\{closure}(Object(Illuminate\\Database\\Eloquent\\Builder))
#8 C:\\Works\\irhebo\\irhebo-backend\\vendor\\laravel\\framework\\src\\Illuminate\\Database\\Eloquent\\Builder.php(1463): Illuminate\\Database\\Eloquent\\Builder->Illuminate\\Database\\Eloquent\\{closure}(Object(Illuminate\\Database\\Eloquent\\Builder))
#9 C:\\Works\\irhebo\\irhebo-backend\\vendor\\laravel\\framework\\src\\Illuminate\\Database\\Eloquent\\Builder.php(1424): Illuminate\\Database\\Eloquent\\Builder->callScope(Object(Closure))
#10 C:\\Works\\irhebo\\irhebo-backend\\vendor\\laravel\\framework\\src\\Illuminate\\Database\\Eloquent\\Builder.php(738): Illuminate\\Database\\Eloquent\\Builder->applyScopes()
#11 C:\\Works\\irhebo\\irhebo-backend\\vendor\\laravel\\framework\\src\\Illuminate\\Database\\Concerns\\BuildsQueries.php(344): Illuminate\\Database\\Eloquent\\Builder->get(Array)
#12 C:\\Works\\irhebo\\irhebo-backend\\vendor\\laravel\\framework\\src\\Illuminate\\Database\\Eloquent\\Builder.php(461): Illuminate\\Database\\Eloquent\\Builder->first(Array)
#13 C:\\Works\\irhebo\\irhebo-backend\\app\\Repositories\\Eloquents\\ServiceRepository.php(114): Illuminate\\Database\\Eloquent\\Builder->find('433')
#14 C:\\Works\\irhebo\\irhebo-backend\\app\\Services\\ServiceService.php(69): App\\Repositories\\Eloquents\\ServiceRepository->getServiceDetails('433')
#15 C:\\Works\\irhebo\\irhebo-backend\\app\\Http\\Controllers\\Api\\ServiceController.php(113): App\\Services\\ServiceService->getServiceDetails('433')
#16 C:\\Works\\irhebo\\irhebo-backend\\vendor\\laravel\\framework\\src\\Illuminate\\Routing\\ControllerDispatcher.php(47): App\\Http\\Controllers\\Api\\ServiceController->serviceDetails(Object(Illuminate\\Http\\Request), '433')
#17 C:\\Works\\irhebo\\irhebo-backend\\vendor\\laravel\\framework\\src\\Illuminate\\Routing\\Route.php(266): Illuminate\\Routing\\ControllerDispatcher->dispatch(Object(Illuminate\\Routing\\Route), Object(App\\Http\\Controllers\\Api\\ServiceController), 'serviceDetails')
#18 C:\\Works\\irhebo\\irhebo-backend\\vendor\\laravel\\framework\\src\\Illuminate\\Routing\\Route.php(212): Illuminate\\Routing\\Route->runController()
#19 C:\\Works\\irhebo\\irhebo-backend\\vendor\\laravel\\framework\\src\\Illuminate\\Routing\\Router.php(808): Illuminate\\Routing\\Route->run()
#20 C:\\Works\\irhebo\\irhebo-backend\\vendor\\laravel\\framework\\src\\Illuminate\\Pipeline\\Pipeline.php(144): Illuminate\\Routing\\Router->Illuminate\\Routing\\{closure}(Object(Illuminate\\Http\\Request))
#21 C:\\Works\\irhebo\\irhebo-backend\\app\\Http\\Middleware\\SetLocaleFromHeader.php(25): Illuminate\\Pipeline\\Pipeline->Illuminate\\Pipeline\\{closure}(Object(Illuminate\\Http\\Request))
#22 C:\\Works\\irhebo\\irhebo-backend\\vendor\\laravel\\framework\\src\\Illuminate\\Pipeline\\Pipeline.php(183): App\\Http\\Middleware\\SetLocaleFromHeader->handle(Object(Illuminate\\Http\\Request), Object(Closure))
#23 C:\\Works\\irhebo\\irhebo-backend\\vendor\\laravel\\framework\\src\\Illuminate\\Routing\\Middleware\\SubstituteBindings.php(51): Illuminate\\Pipeline\\Pipeline->Illuminate\\Pipeline\\{closure}(Object(Illuminate\\Http\\Request))
#24 C:\\Works\\irhebo\\irhebo-backend\\vendor\\laravel\\framework\\src\\Illuminate\\Pipeline\\Pipeline.php(183): Illuminate\\Routing\\Middleware\\SubstituteBindings->handle(Object(Illuminate\\Http\\Request), Object(Closure))
#25 C:\\Works\\irhebo\\irhebo-backend\\vendor\\laravel\\framework\\src\\Illuminate\\Pipeline\\Pipeline.php(119): Illuminate\\Pipeline\\Pipeline->Illuminate\\Pipeline\\{closure}(Object(Illuminate\\Http\\Request))
#26 C:\\Works\\irhebo\\irhebo-backend\\vendor\\laravel\\framework\\src\\Illuminate\\Routing\\Router.php(807): Illuminate\\Pipeline\\Pipeline->then(Object(Closure))
#27 C:\\Works\\irhebo\\irhebo-backend\\vendor\\laravel\\framework\\src\\Illuminate\\Routing\\Router.php(786): Illuminate\\Routing\\Router->runRouteWithinStack(Object(Illuminate\\Routing\\Route), Object(Illuminate\\Http\\Request))
#28 C:\\Works\\irhebo\\irhebo-backend\\vendor\\laravel\\framework\\src\\Illuminate\\Routing\\Router.php(750): Illuminate\\Routing\\Router->runRoute(Object(Illuminate\\Http\\Request), Object(Illuminate\\Routing\\Route))
#29 C:\\Works\\irhebo\\irhebo-backend\\vendor\\laravel\\framework\\src\\Illuminate\\Routing\\Router.php(739): Illuminate\\Routing\\Router->dispatchToRoute(Object(Illuminate\\Http\\Request))
#30 C:\\Works\\irhebo\\irhebo-backend\\vendor\\laravel\\framework\\src\\Illuminate\\Foundation\\Http\\Kernel.php(201): Illuminate\\Routing\\Router->dispatch(Object(Illuminate\\Http\\Request))
#31 C:\\Works\\irhebo\\irhebo-backend\\vendor\\laravel\\framework\\src\\Illuminate\\Pipeline\\Pipeline.php(144): Illuminate\\Foundation\\Http\\Kernel->Illuminate\\Foundation\\Http\\{closure}(Object(Illuminate\\Http\\Request))
#32 C:\\Works\\irhebo\\irhebo-backend\\vendor\\proengsoft\\laravel-jsvalidation\\src\\RemoteValidationMiddleware.php(61): Illuminate\\Pipeline\\Pipeline->Illuminate\\Pipeline\\{closure}(Object(Illuminate\\Http\\Request))
#33 C:\\Works\\irhebo\\irhebo-backend\\vendor\\laravel\\framework\\src\\Illuminate\\Pipeline\\Pipeline.php(183): Proengsoft\\JsValidation\\RemoteValidationMiddleware->handle(Object(Illuminate\\Http\\Request), Object(Closure))
#34 C:\\Works\\irhebo\\irhebo-backend\\vendor\\laravel\\framework\\src\\Illuminate\\Foundation\\Http\\Middleware\\TransformsRequest.php(21): Illuminate\\Pipeline\\Pipeline->Illuminate\\Pipeline\\{closure}(Object(Illuminate\\Http\\Request))
#35 C:\\Works\\irhebo\\irhebo-backend\\vendor\\laravel\\framework\\src\\Illuminate\\Foundation\\Http\\Middleware\\ConvertEmptyStringsToNull.php(31): Illuminate\\Foundation\\Http\\Middleware\\TransformsRequest->handle(Object(Illuminate\\Http\\Request), Object(Closure))
#36 C:\\Works\\irhebo\\irhebo-backend\\vendor\\laravel\\framework\\src\\Illuminate\\Pipeline\\Pipeline.php(183): Illuminate\\Foundation\\Http\\Middleware\\ConvertEmptyStringsToNull->handle(Object(Illuminate\\Http\\Request), Object(Closure))
#37 C:\\Works\\irhebo\\irhebo-backend\\vendor\\laravel\\framework\\src\\Illuminate\\Foundation\\Http\\Middleware\\TransformsRequest.php(21): Illuminate\\Pipeline\\Pipeline->Illuminate\\Pipeline\\{closure}(Object(Illuminate\\Http\\Request))
#38 C:\\Works\\irhebo\\irhebo-backend\\vendor\\laravel\\framework\\src\\Illuminate\\Foundation\\Http\\Middleware\\TrimStrings.php(51): Illuminate\\Foundation\\Http\\Middleware\\TransformsRequest->handle(Object(Illuminate\\Http\\Request), Object(Closure))
#39 C:\\Works\\irhebo\\irhebo-backend\\vendor\\laravel\\framework\\src\\Illuminate\\Pipeline\\Pipeline.php(183): Illuminate\\Foundation\\Http\\Middleware\\TrimStrings->handle(Object(Illuminate\\Http\\Request), Object(Closure))
#40 C:\\Works\\irhebo\\irhebo-backend\\vendor\\laravel\\framework\\src\\Illuminate\\Http\\Middleware\\ValidatePostSize.php(27): Illuminate\\Pipeline\\Pipeline->Illuminate\\Pipeline\\{closure}(Object(Illuminate\\Http\\Request))
#41 C:\\Works\\irhebo\\irhebo-backend\\vendor\\laravel\\framework\\src\\Illuminate\\Pipeline\\Pipeline.php(183): Illuminate\\Http\\Middleware\\ValidatePostSize->handle(Object(Illuminate\\Http\\Request), Object(Closure))
#42 C:\\Works\\irhebo\\irhebo-backend\\vendor\\laravel\\framework\\src\\Illuminate\\Foundation\\Http\\Middleware\\PreventRequestsDuringMaintenance.php(110): Illuminate\\Pipeline\\Pipeline->Illuminate\\Pipeline\\{closure}(Object(Illuminate\\Http\\Request))
#43 C:\\Works\\irhebo\\irhebo-backend\\vendor\\laravel\\framework\\src\\Illuminate\\Pipeline\\Pipeline.php(183): Illuminate\\Foundation\\Http\\Middleware\\PreventRequestsDuringMaintenance->handle(Object(Illuminate\\Http\\Request), Object(Closure))
#44 C:\\Works\\irhebo\\irhebo-backend\\vendor\\laravel\\framework\\src\\Illuminate\\Http\\Middleware\\HandleCors.php(62): Illuminate\\Pipeline\\Pipeline->Illuminate\\Pipeline\\{closure}(Object(Illuminate\\Http\\Request))
#45 C:\\Works\\irhebo\\irhebo-backend\\vendor\\laravel\\framework\\src\\Illuminate\\Pipeline\\Pipeline.php(183): Illuminate\\Http\\Middleware\\HandleCors->handle(Object(Illuminate\\Http\\Request), Object(Closure))
#46 C:\\Works\\irhebo\\irhebo-backend\\vendor\\laravel\\framework\\src\\Illuminate\\Http\\Middleware\\TrustProxies.php(58): Illuminate\\Pipeline\\Pipeline->Illuminate\\Pipeline\\{closure}(Object(Illuminate\\Http\\Request))
#47 C:\\Works\\irhebo\\irhebo-backend\\vendor\\laravel\\framework\\src\\Illuminate\\Pipeline\\Pipeline.php(183): Illuminate\\Http\\Middleware\\TrustProxies->handle(Object(Illuminate\\Http\\Request), Object(Closure))
#48 C:\\Works\\irhebo\\irhebo-backend\\vendor\\laravel\\framework\\src\\Illuminate\\Foundation\\Http\\Middleware\\InvokeDeferredCallbacks.php(22): Illuminate\\Pipeline\\Pipeline->Illuminate\\Pipeline\\{closure}(Object(Illuminate\\Http\\Request))
#49 C:\\Works\\irhebo\\irhebo-backend\\vendor\\laravel\\framework\\src\\Illuminate\\Pipeline\\Pipeline.php(183): Illuminate\\Foundation\\Http\\Middleware\\InvokeDeferredCallbacks->handle(Object(Illuminate\\Http\\Request), Object(Closure))
#50 C:\\Works\\irhebo\\irhebo-backend\\vendor\\laravel\\framework\\src\\Illuminate\\Pipeline\\Pipeline.php(119): Illuminate\\Pipeline\\Pipeline->Illuminate\\Pipeline\\{closure}(Object(Illuminate\\Http\\Request))
#51 C:\\Works\\irhebo\\irhebo-backend\\vendor\\laravel\\framework\\src\\Illuminate\\Foundation\\Http\\Kernel.php(176): Illuminate\\Pipeline\\Pipeline->then(Object(Closure))
#52 C:\\Works\\irhebo\\irhebo-backend\\vendor\\laravel\\framework\\src\\Illuminate\\Foundation\\Http\\Kernel.php(145): Illuminate\\Foundation\\Http\\Kernel->sendRequestThroughRouter(Object(Illuminate\\Http\\Request))
#53 C:\\Works\\irhebo\\irhebo-backend\\vendor\\laravel\\framework\\src\\Illuminate\\Foundation\\Application.php(1190): Illuminate\\Foundation\\Http\\Kernel->handle(Object(Illuminate\\Http\\Request))
#54 C:\\Works\\irhebo\\irhebo-backend\\public\\index.php(17): Illuminate\\Foundation\\Application->handleRequest(Object(Illuminate\\Http\\Request))
#55 C:\\Works\\irhebo\\irhebo-backend\\vendor\\laravel\\framework\\src\\Illuminate\\Foundation\\resources\\server.php(23): require_once('C:\\\\Works\\\\irhebo...')
#56 {main}
"} 
